date,previous,open_price,first_trade,high,low,close,change,volume,value,frequency,index_individual,offer,offer_volume,bid,bid_volume,listed_shares,tradeble_shares,weight_for_index,foreign_sell,foreign_buy,delisting_date,non_regular_volume,non_regular_value,non_regular_frequency
2023-05-08,100.0,0.0,0.0,135.0,115.0,135.0,35.0,20545700.0,2763562800.0,4074.0,135.0,0.0,0.0,135.0,225359000.0,3262500000.0,652500000.0,652500000.0,14100.0,1600.0,,25700.0,3469500.0,3.0
2023-05-09,135.0,0.0,0.0,182.0,146.0,182.0,47.0,355128500.0,60747599900.0,35951.0,182.0,0.0,0.0,182.0,140497100.0,3262500000.0,652500000.0,652500000.0,1223700.0,1750100.0,,0.0,0.0,0.0
2023-05-10,182.0,0.0,0.0,244.0,195.0,230.0,48.0,896082500.0,199331981700.0,85409.0,230.0,232.0,922900.0,230.0,20176300.0,3262500000.0,652500000.0,652500000.0,2581500.0,3048200.0,,50000.0,11000000.0,1.0
2023-05-11,230.0,0.0,0.0,236.0,214.0,214.0,-16.0,286683900.0,62266487200.0,23317.0,214.0,214.0,3386700.0,0.0,0.0,3262500000.0,652500000.0,652500000.0,1122600.0,1401700.0,,50000000.0,8000000000.0,1.0
2023-05-12,214.0,0.0,0.0,220.0,200.0,214.0,0.0,165774000.0,34125712400.0,13344.0,214.0,214.0,1833200.0,212.0,200900.0,3262500000.0,652500000.0,652500000.0,1073300.0,1055000.0,,54800.0,12780200.0,9.0
2023-05-15,214.0,0.0,0.0,220.0,202.0,208.0,-6.0,168840900.0,35575683800.0,15903.0,208.0,208.0,1398400.0,206.0,974300.0,3262500000.0,652500000.0,652500000.0,267300.0,829000.0,,70900.0,15903800.0,6.0
2023-05-16,208.0,0.0,0.0,214.0,194.0,194.0,-14.0,151997000.0,30730039600.0,13539.0,194.0,194.0,2374600.0,0.0,0.0,3262500000.0,652500000.0,652500000.0,16300.0,1755300.0,,0.0,0.0,0.0
2023-05-17,194.0,0.0,0.0,194.0,181.0,181.0,-13.0,69305700.0,12612893300.0,6113.0,181.0,181.0,14285800.0,0.0,0.0,3262500000.0,652500000.0,652500000.0,1322300.0,0.0,,2600.0,501800.0,2.0
2023-05-19,181.0,0.0,0.0,175.0,169.0,169.0,-12.0,3530700.0,597014300.0,416.0,169.0,169.0,15233700.0,0.0,0.0,3262500000.0,652500000.0,652500000.0,0.0,1000.0,,26000.0,4706000.0,20.0
2023-05-22,169.0,0.0,0.0,179.0,158.0,168.0,-1.0,140717600.0,23153543800.0,12138.0,168.0,168.0,1208600.0,167.0,2500.0,3262500000.0,652500000.0,652500000.0,28000.0,174700.0,,17000.0,2873000.0,17.0
2023-05-23,168.0,0.0,0.0,189.0,157.0,164.0,-4.0,161667200.0,26885662800.0,11826.0,164.0,164.0,505900.0,163.0,552000.0,3262500000.0,652500000.0,652500000.0,4714300.0,2850100.0,,0.0,0.0,0.0
2023-05-24,164.0,0.0,0.0,176.0,161.0,166.0,2.0,78488800.0,13121024700.0,7787.0,166.0,166.0,278600.0,165.0,31000.0,3262500000.0,652500000.0,652500000.0,995400.0,1004500.0,,0.0,0.0,0.0
2023-05-25,166.0,0.0,0.0,169.0,162.0,166.0,0.0,90806400.0,15070826100.0,5555.0,166.0,166.0,7246400.0,165.0,10000.0,3262500000.0,652500000.0,652500000.0,701700.0,729800.0,,3000000.0,492000000.0,1.0
2023-05-26,166.0,0.0,0.0,174.0,159.0,164.0,-2.0,95174600.0,15787899800.0,8487.0,164.0,164.0,494600.0,162.0,1200.0,3262500000.0,652500000.0,652500000.0,491100.0,1004500.0,,0.0,0.0,0.0
2023-05-29,164.0,0.0,0.0,167.0,161.0,164.0,0.0,121585300.0,20028533100.0,7235.0,164.0,165.0,155800.0,164.0,36000.0,3262500000.0,652500000.0,652500000.0,1726900.0,1244500.0,,0.0,0.0,0.0
2023-05-30,164.0,0.0,0.0,167.0,162.0,163.0,-1.0,102287400.0,16746962800.0,8117.0,163.0,163.0,262200.0,162.0,204500.0,3262500000.0,652500000.0,652500000.0,1680500.0,1080100.0,,0.0,0.0,0.0
2023-05-31,163.0,0.0,0.0,164.0,154.0,156.0,-7.0,91949700.0,14636549200.0,4925.0,156.0,156.0,1224000.0,155.0,209300.0,3262500000.0,652500000.0,652500000.0,1402300.0,1254700.0,,0.0,0.0,0.0
2023-06-05,156.0,0.0,0.0,156.0,141.0,147.0,-9.0,91845500.0,13883826700.0,5303.0,147.0,147.0,409200.0,146.0,5000.0,3262500000.0,652500000.0,652500000.0,1106100.0,1729100.0,,0.0,0.0,0.0
2023-06-06,147.0,0.0,0.0,158.0,143.0,147.0,0.0,110488600.0,16511483600.0,8446.0,147.0,147.0,400800.0,145.0,5600.0,3262500000.0,652500000.0,652500000.0,1160500.0,1587500.0,,0.0,0.0,0.0
2023-06-07,147.0,0.0,0.0,149.0,143.0,145.0,-2.0,130634300.0,19140351600.0,7931.0,145.0,145.0,112100.0,144.0,233100.0,3262500000.0,652500000.0,652500000.0,536500.0,911100.0,,0.0,0.0,0.0
2023-06-08,145.0,0.0,0.0,148.0,141.0,142.0,-3.0,109186000.0,15903199600.0,4653.0,142.0,142.0,1019500.0,141.0,576300.0,3262500000.0,652500000.0,652500000.0,2767400.0,924400.0,,0.0,0.0,0.0
2023-06-09,142.0,0.0,0.0,142.0,134.0,140.0,-2.0,88473900.0,12221437900.0,4211.0,140.0,140.0,1222800.0,138.0,610000.0,3262500000.0,652500000.0,652500000.0,1328400.0,1264200.0,,0.0,0.0,0.0
2023-06-12,140.0,0.0,0.0,145.0,135.0,145.0,5.0,124333900.0,17438296800.0,7477.0,145.0,145.0,2068300.0,143.0,140000.0,3262500000.0,652500000.0,652500000.0,1184200.0,1426300.0,,0.0,0.0,0.0
2023-06-13,145.0,0.0,0.0,152.0,139.0,151.0,6.0,112993700.0,16249628000.0,8711.0,151.0,152.0,239700.0,151.0,5076000.0,3262500000.0,652500000.0,652500000.0,2509900.0,7616600.0,,0.0,0.0,0.0
2023-06-14,151.0,0.0,0.0,167.0,151.0,164.0,13.0,108909900.0,17465476000.0,10472.0,164.0,165.0,508800.0,164.0,5469400.0,3262500000.0,652500000.0,652500000.0,4478100.0,2804400.0,,0.0,0.0,0.0
2023-06-15,164.0,0.0,0.0,167.0,152.0,164.0,0.0,101913600.0,16082384400.0,8133.0,164.0,165.0,736800.0,164.0,9682200.0,3262500000.0,652500000.0,652500000.0,2156600.0,2131600.0,,45530600.0,7467018400.0,1.0
2023-06-16,164.0,0.0,0.0,170.0,159.0,168.0,4.0,93641200.0,15342397400.0,8043.0,168.0,168.0,545100.0,167.0,260600.0,3262500000.0,652500000.0,652500000.0,672100.0,2402300.0,,0.0,0.0,0.0
2023-06-19,168.0,0.0,0.0,177.0,164.0,172.0,4.0,103814700.0,17766882700.0,7661.0,172.0,172.0,611600.0,171.0,61600.0,3262500000.0,652500000.0,652500000.0,4019700.0,1091200.0,,0.0,0.0,0.0
2023-06-20,172.0,0.0,0.0,173.0,166.0,166.0,-6.0,80037800.0,13590205000.0,6281.0,166.0,166.0,93900.0,165.0,830900.0,3262500000.0,652500000.0,652500000.0,435500.0,1394000.0,,0.0,0.0,0.0
2023-06-21,166.0,0.0,0.0,166.0,155.0,161.0,-5.0,75394700.0,11991687800.0,6194.0,161.0,161.0,368400.0,160.0,132900.0,3262500000.0,652500000.0,652500000.0,1423100.0,2373900.0,,0.0,0.0,0.0
2023-06-22,161.0,0.0,0.0,162.0,157.0,159.0,-2.0,67236400.0,10722983100.0,3921.0,159.0,160.0,677100.0,159.0,22200.0,3262500000.0,652500000.0,652500000.0,767400.0,955800.0,,0.0,0.0,0.0
2023-06-23,159.0,0.0,0.0,169.0,156.0,167.0,8.0,83219900.0,13388868300.0,5656.0,167.0,167.0,1070500.0,166.0,14400.0,3262500000.0,652500000.0,652500000.0,1055300.0,2914300.0,,0.0,0.0,0.0
2023-06-26,167.0,0.0,0.0,170.0,159.0,162.0,-5.0,92007600.0,15080730800.0,5267.0,162.0,162.0,435000.0,161.0,28800.0,3262500000.0,652500000.0,652500000.0,1249000.0,12220300.0,,0.0,0.0,0.0
2023-06-27,162.0,0.0,0.0,162.0,155.0,160.0,-2.0,54775700.0,8639232200.0,3893.0,160.0,160.0,569300.0,159.0,1200.0,3262500000.0,652500000.0,652500000.0,3333200.0,94900.0,,0.0,0.0,0.0
2023-07-03,160.0,0.0,0.0,170.0,157.0,170.0,10.0,110944500.0,17915260100.0,6916.0,170.0,170.0,1948500.0,169.0,4100.0,3262500000.0,652500000.0,652500000.0,4907500.0,1341300.0,,0.0,0.0,0.0
2023-07-04,170.0,0.0,0.0,175.0,167.0,174.0,4.0,126926200.0,21831176700.0,8935.0,174.0,175.0,550300.0,174.0,9892400.0,3262500000.0,652500000.0,652500000.0,3566600.0,21023700.0,,0.0,0.0,0.0
2023-07-05,174.0,0.0,0.0,179.0,171.0,177.0,3.0,78237400.0,13600725000.0,5707.0,177.0,177.0,775900.0,176.0,50500.0,3262500000.0,652500000.0,652500000.0,8871300.0,3803500.0,,0.0,0.0,0.0
2023-07-06,177.0,0.0,0.0,179.0,169.0,177.0,0.0,89943000.0,15649318000.0,3628.0,177.0,178.0,121300.0,177.0,1447400.0,3262500000.0,652500000.0,652500000.0,4920200.0,7558700.0,,0.0,0.0,0.0
2023-07-07,177.0,0.0,0.0,179.0,169.0,171.0,-6.0,74849900.0,13013121500.0,4021.0,171.0,171.0,274200.0,170.0,302100.0,3262500000.0,652500000.0,652500000.0,4144400.0,5446200.0,,0.0,0.0,0.0
2023-07-10,171.0,0.0,0.0,173.0,161.0,164.0,-7.0,79412200.0,13082970700.0,5411.0,164.0,164.0,422500.0,163.0,116000.0,3262500000.0,652500000.0,652500000.0,6129500.0,4515900.0,,0.0,0.0,0.0
2023-07-11,164.0,0.0,0.0,168.0,160.0,167.0,3.0,71279100.0,11728253200.0,2918.0,167.0,167.0,492100.0,164.0,825000.0,3262500000.0,652500000.0,652500000.0,12167000.0,1786100.0,,0.0,0.0,0.0
2023-07-12,167.0,0.0,0.0,167.0,157.0,157.0,-10.0,68010000.0,11016515300.0,4564.0,157.0,157.0,2135900.0,156.0,349900.0,3262500000.0,652500000.0,652500000.0,4224600.0,2470900.0,,0.0,0.0,0.0
2023-07-13,157.0,0.0,0.0,155.0,139.0,147.0,-10.0,60769400.0,8763223500.0,4695.0,147.0,147.0,282800.0,146.0,56000.0,3262500000.0,652500000.0,652500000.0,12507000.0,1416600.0,,0.0,0.0,0.0
2023-07-14,147.0,0.0,0.0,148.0,143.0,148.0,1.0,85443200.0,12397768400.0,3958.0,148.0,148.0,758700.0,147.0,218100.0,3262500000.0,652500000.0,652500000.0,441900.0,3619500.0,,0.0,0.0,0.0
2023-07-17,148.0,0.0,0.0,150.0,141.0,141.0,-7.0,95474000.0,13815817800.0,6613.0,141.0,141.0,747700.0,140.0,639200.0,3262500000.0,652500000.0,652500000.0,1969100.0,1596700.0,,33700000.0,4987600000.0,1.0
2023-07-18,141.0,0.0,0.0,141.0,136.0,138.0,-3.0,80408200.0,11150463700.0,5495.0,138.0,138.0,165100.0,137.0,969200.0,3262500000.0,652500000.0,652500000.0,1770500.0,2659700.0,,0.0,0.0,0.0
2023-07-20,138.0,0.0,0.0,140.0,132.0,139.0,1.0,106132400.0,14476090400.0,4343.0,139.0,139.0,1191700.0,138.0,12100.0,3262500000.0,652500000.0,652500000.0,5464900.0,1738400.0,,0.0,0.0,0.0
2023-07-21,139.0,0.0,0.0,140.0,136.0,140.0,1.0,75917200.0,10457012800.0,4140.0,140.0,140.0,363100.0,139.0,119800.0,3262500000.0,652500000.0,652500000.0,403900.0,5002200.0,,0.0,0.0,0.0
2023-07-24,140.0,0.0,0.0,142.0,136.0,140.0,0.0,72604700.0,10098880000.0,6274.0,140.0,140.0,890100.0,139.0,4200.0,3262500000.0,652500000.0,652500000.0,497700.0,2507800.0,,0.0,0.0,0.0
2023-07-25,140.0,0.0,0.0,141.0,136.0,139.0,-1.0,102339600.0,14148090700.0,4080.0,139.0,139.0,500500.0,138.0,29000.0,3262500000.0,652500000.0,652500000.0,1638600.0,3032600.0,,46665900.0,5599908000.0,1.0
2023-07-26,139.0,0.0,0.0,138.0,125.0,135.0,-4.0,93662000.0,12208731900.0,3647.0,135.0,135.0,510700.0,133.0,600.0,3262500000.0,652500000.0,652500000.0,9342200.0,2634300.0,,0.0,0.0,0.0
2023-07-27,135.0,0.0,0.0,135.0,128.0,129.0,-6.0,59125200.0,7708830100.0,3669.0,129.0,129.0,393800.0,128.0,400000.0,3262500000.0,652500000.0,652500000.0,1182400.0,2958500.0,,0.0,0.0,0.0
2023-07-28,129.0,0.0,0.0,129.0,110.0,110.0,-19.0,121599000.0,14541584300.0,5859.0,110.0,110.0,2606200.0,0.0,0.0,3262500000.0,652500000.0,652500000.0,1112200.0,3690700.0,,0.0,0.0,0.0
2023-07-31,110.0,0.0,0.0,108.0,94.0,94.0,-16.0,53051700.0,5036322200.0,5230.0,94.0,94.0,9790700.0,0.0,0.0,3262500000.0,652500000.0,652500000.0,828900.0,6611100.0,,46590700.0,5124977000.0,3.0
2023-08-01,94.0,0.0,0.0,80.0,80.0,80.0,-14.0,19606200.0,1568496000.0,643.0,80.0,80.0,14711700.0,0.0,0.0,3262500000.0,652500000.0,652500000.0,0.0,0.0,,14567400.0,1369335600.0,2.0
2023-08-02,80.0,0.0,0.0,85.0,68.0,79.0,-1.0,44977400.0,3478544900.0,3096.0,79.0,79.0,623400.0,78.0,287200.0,3262500000.0,652500000.0,652500000.0,4730200.0,7475500.0,,0.0,0.0,0.0
2023-08-03,79.0,0.0,0.0,81.0,68.0,68.0,-11.0,85345600.0,6431843400.0,5980.0,68.0,68.0,9237900.0,0.0,0.0,3262500000.0,652500000.0,652500000.0,426800.0,1611900.0,,0.0,0.0,0.0
2023-08-04,68.0,0.0,0.0,66.0,58.0,62.0,-6.0,27637100.0,1690720300.0,2068.0,62.0,62.0,187100.0,61.0,493500.0,3262500000.0,652500000.0,652500000.0,958000.0,6558200.0,,0.0,0.0,0.0
2023-08-07,62.0,0.0,0.0,69.0,53.0,68.0,6.0,83964800.0,5557245100.0,3485.0,68.0,69.0,360000.0,68.0,99200.0,3262500000.0,652500000.0,652500000.0,3862800.0,5053000.0,,0.0,0.0,0.0
2023-08-08,68.0,0.0,0.0,91.0,68.0,91.0,23.0,169428400.0,14385821200.0,10791.0,91.0,0.0,0.0,91.0,10826500.0,3262500000.0,652500000.0,652500000.0,21059900.0,13838000.0,,0.0,0.0,0.0
2023-08-09,91.0,0.0,0.0,100.0,78.0,84.0,-7.0,66721700.0,5833654400.0,5353.0,84.0,84.0,172600.0,83.0,763200.0,3262500000.0,652500000.0,652500000.0,13718500.0,6061300.0,,0.0,0.0,0.0
2023-08-10,84.0,0.0,0.0,87.0,79.0,82.0,-2.0,32586400.0,2663875000.0,3161.0,82.0,82.0,489400.0,81.0,34000.0,3262500000.0,652500000.0,652500000.0,2170900.0,2838400.0,,0.0,0.0,0.0
2023-08-11,82.0,0.0,0.0,90.0,81.0,86.0,4.0,78955100.0,6693349400.0,5104.0,86.0,86.0,630900.0,85.0,204700.0,3262500000.0,652500000.0,652500000.0,4146900.0,4367400.0,,0.0,0.0,0.0
2023-08-14,86.0,0.0,0.0,87.0,81.0,81.0,-5.0,58676600.0,4882155000.0,2863.0,81.0,81.0,124900.0,80.0,1441300.0,3262500000.0,652500000.0,652500000.0,5770900.0,4842300.0,,0.0,0.0,0.0
2023-08-15,81.0,0.0,0.0,82.0,75.0,78.0,-3.0,63339200.0,4881426500.0,5257.0,78.0,78.0,37100.0,77.0,132100.0,3262500000.0,652500000.0,652500000.0,2893500.0,3651300.0,,0.0,0.0,0.0
2023-08-16,78.0,0.0,0.0,79.0,73.0,79.0,1.0,71228800.0,5473324600.0,3981.0,79.0,79.0,299900.0,76.0,30000.0,3262500000.0,652500000.0,652500000.0,1397400.0,2328700.0,,0.0,0.0,0.0
2023-08-18,79.0,0.0,0.0,80.0,74.0,78.0,-1.0,69345400.0,5322365500.0,3047.0,78.0,78.0,178600.0,76.0,21500.0,3262500000.0,652500000.0,652500000.0,4142900.0,1920000.0,,0.0,0.0,0.0
2023-08-21,78.0,0.0,0.0,80.0,75.0,80.0,2.0,96719000.0,7423951900.0,5573.0,80.0,80.0,961600.0,79.0,51500.0,3262500000.0,652500000.0,652500000.0,1100300.0,706500.0,,0.0,0.0,0.0
2023-08-22,80.0,0.0,0.0,87.0,77.0,83.0,3.0,110454000.0,8954238600.0,8444.0,83.0,83.0,1361000.0,82.0,130000.0,3262500000.0,652500000.0,652500000.0,7046700.0,4795900.0,,0.0,0.0,0.0
2023-08-23,83.0,0.0,0.0,84.0,79.0,80.0,-3.0,87955900.0,7096512600.0,1678.0,80.0,80.0,172600.0,79.0,1571700.0,3262500000.0,652500000.0,652500000.0,2493500.0,3463700.0,,0.0,0.0,0.0
2023-08-24,80.0,0.0,0.0,80.0,75.0,78.0,-2.0,110328200.0,8547672900.0,3150.0,78.0,78.0,524200.0,76.0,152300.0,3262500000.0,652500000.0,652500000.0,2339500.0,5769600.0,,0.0,0.0,0.0
2023-08-25,78.0,0.0,0.0,78.0,71.0,75.0,-3.0,93085300.0,7075035900.0,4074.0,75.0,75.0,491100.0,74.0,519300.0,3262500000.0,652500000.0,652500000.0,1667800.0,268400.0,,0.0,0.0,0.0
2023-08-28,75.0,0.0,0.0,76.0,71.0,73.0,-2.0,114699400.0,8479019500.0,4610.0,73.0,73.0,271800.0,72.0,148200.0,3262500000.0,652500000.0,652500000.0,1491400.0,2259500.0,,0.0,0.0,0.0
2023-08-29,73.0,0.0,0.0,75.0,70.0,73.0,0.0,95934000.0,7000876100.0,2143.0,73.0,73.0,1323100.0,72.0,23000.0,3262500000.0,652500000.0,652500000.0,4821500.0,3736700.0,,18690000.0,1314370000.0,2.0
2023-08-30,73.0,0.0,0.0,74.0,69.0,71.0,-2.0,76126900.0,5331502000.0,1851.0,71.0,71.0,700100.0,70.0,125800.0,3262500000.0,652500000.0,652500000.0,636200.0,3077600.0,,0.0,0.0,0.0
2023-08-31,71.0,0.0,0.0,74.0,70.0,74.0,3.0,145606500.0,10441590100.0,5019.0,74.0,75.0,483200.0,74.0,1506800.0,3262500000.0,652500000.0,652500000.0,4631100.0,5821800.0,,0.0,0.0,0.0
2023-09-01,74.0,0.0,0.0,76.0,71.0,74.0,0.0,94418600.0,6827542000.0,4820.0,74.0,74.0,1989600.0,72.0,87200.0,3262500000.0,652500000.0,652500000.0,3678400.0,1501300.0,,0.0,0.0,0.0
2023-09-04,74.0,0.0,0.0,76.0,72.0,75.0,1.0,148007500.0,10874609100.0,8447.0,75.0,75.0,155600.0,73.0,251000.0,3262500000.0,652500000.0,652500000.0,1215900.0,1643100.0,,0.0,0.0,0.0
2023-09-05,75.0,0.0,0.0,76.0,72.0,74.0,-1.0,163510700.0,12111529800.0,7730.0,74.0,74.0,7039400.0,73.0,614000.0,3262500000.0,652500000.0,652500000.0,2924700.0,3800600.0,,0.0,0.0,0.0
2023-09-06,74.0,0.0,0.0,75.0,71.0,74.0,0.0,98941800.0,7204216900.0,3778.0,74.0,74.0,1182100.0,73.0,34600.0,3262500000.0,652500000.0,652500000.0,1290800.0,4655500.0,,0.0,0.0,0.0
2023-09-07,74.0,0.0,0.0,77.0,72.0,77.0,3.0,124356600.0,9205947800.0,5714.0,77.0,77.0,812700.0,76.0,145700.0,3262500000.0,652500000.0,652500000.0,4141300.0,4348100.0,,0.0,0.0,0.0
2023-09-08,77.0,0.0,0.0,79.0,75.0,78.0,1.0,121371500.0,9381312700.0,4059.0,78.0,78.0,503100.0,77.0,10100.0,3262500000.0,652500000.0,652500000.0,3358400.0,3670500.0,,0.0,0.0,0.0
2023-09-11,78.0,0.0,0.0,83.0,75.0,79.0,1.0,154906400.0,12058996300.0,5104.0,79.0,80.0,1260400.0,79.0,655900.0,3262500000.0,652500000.0,652500000.0,1271700.0,4789800.0,,0.0,0.0,0.0
2023-09-12,79.0,0.0,0.0,80.0,77.0,80.0,1.0,153941900.0,12177647600.0,6471.0,80.0,81.0,1271000.0,80.0,958500.0,3262500000.0,652500000.0,652500000.0,2573300.0,2269500.0,,0.0,0.0,0.0
2023-09-13,80.0,0.0,0.0,81.0,78.0,81.0,1.0,128323700.0,10230807200.0,8208.0,81.0,81.0,1621200.0,80.0,683500.0,3262500000.0,652500000.0,652500000.0,2702800.0,7042300.0,,0.0,0.0,0.0
2023-09-14,81.0,0.0,0.0,82.0,79.0,82.0,1.0,128443000.0,10300317000.0,4182.0,82.0,82.0,2641200.0,81.0,1149500.0,3262500000.0,652500000.0,652500000.0,4139200.0,2642600.0,,0.0,0.0,0.0
2023-09-15,82.0,0.0,0.0,86.0,80.0,86.0,4.0,236519600.0,19638618700.0,9286.0,86.0,87.0,1397700.0,86.0,2007800.0,3262500000.0,652500000.0,652500000.0,7876000.0,9227300.0,,0.0,0.0,0.0
2023-09-18,86.0,0.0,0.0,89.0,84.0,88.0,2.0,175814700.0,15302707400.0,12987.0,88.0,89.0,1644300.0,88.0,2732900.0,3262500000.0,652500000.0,652500000.0,8172900.0,5839600.0,,0.0,0.0,0.0
2023-09-19,88.0,0.0,0.0,90.0,86.0,89.0,1.0,225882400.0,19949354500.0,10126.0,89.0,89.0,714700.0,88.0,1128200.0,3262500000.0,652500000.0,652500000.0,4210400.0,2042800.0,,0.0,0.0,0.0
2023-09-20,89.0,0.0,0.0,92.0,87.0,92.0,3.0,301764200.0,27015695900.0,11151.0,92.0,93.0,1652700.0,92.0,1984300.0,3262500000.0,652500000.0,652500000.0,3820500.0,5996800.0,,0.0,0.0,0.0
2023-09-21,92.0,0.0,0.0,98.0,92.0,98.0,6.0,249324300.0,23331573100.0,17104.0,98.0,99.0,1426400.0,98.0,61600.0,3262500000.0,652500000.0,652500000.0,2672000.0,3433900.0,,0.0,0.0,0.0
2023-09-22,98.0,0.0,0.0,99.0,89.0,97.0,-1.0,294573200.0,27596117400.0,14016.0,97.0,97.0,3071100.0,96.0,692200.0,3262500000.0,652500000.0,652500000.0,16648900.0,5900400.0,,0.0,0.0,0.0
2023-09-25,97.0,0.0,0.0,98.0,93.0,93.0,-4.0,167515900.0,15861469700.0,8763.0,93.0,93.0,961100.0,92.0,929200.0,3262500000.0,652500000.0,652500000.0,4945700.0,7293500.0,,0.0,0.0,0.0
2023-09-26,93.0,0.0,0.0,93.0,86.0,90.0,-3.0,174525600.0,15807616200.0,6852.0,90.0,90.0,120000.0,89.0,300.0,3262500000.0,652500000.0,652500000.0,6346600.0,1873700.0,,0.0,0.0,0.0
2023-09-27,90.0,0.0,0.0,90.0,87.0,90.0,0.0,158538600.0,14027177200.0,7358.0,90.0,90.0,3019900.0,89.0,1117800.0,3262500000.0,652500000.0,652500000.0,4598400.0,10300900.0,,0.0,0.0,0.0
2023-09-29,90.0,0.0,0.0,91.0,87.0,91.0,1.0,148539300.0,13245226700.0,7166.0,91.0,91.0,354100.0,90.0,922600.0,3262500000.0,652500000.0,652500000.0,2098900.0,4110900.0,,0.0,0.0,0.0
2023-10-02,91.0,0.0,0.0,92.0,88.0,91.0,0.0,181832800.0,16446597600.0,5965.0,91.0,91.0,423200.0,90.0,517000.0,3262500000.0,652500000.0,652500000.0,3697700.0,4082700.0,,0.0,0.0,0.0
2023-10-03,91.0,0.0,0.0,92.0,89.0,91.0,0.0,190797200.0,17216636100.0,9250.0,91.0,91.0,1413800.0,90.0,1208100.0,3262500000.0,652500000.0,652500000.0,1238800.0,4858300.0,,0.0,0.0,0.0
2023-10-04,91.0,0.0,0.0,91.0,88.0,90.0,-1.0,151638600.0,13611520000.0,3309.0,90.0,91.0,1654400.0,90.0,2014300.0,3262500000.0,652500000.0,652500000.0,1590800.0,4114600.0,,0.0,0.0,0.0
2023-10-05,90.0,0.0,0.0,91.0,88.0,91.0,1.0,129300700.0,11514162800.0,6211.0,91.0,91.0,1059300.0,90.0,1002000.0,3262500000.0,652500000.0,652500000.0,254300.0,3720000.0,,0.0,0.0,0.0
2023-10-06,91.0,0.0,0.0,92.0,89.0,92.0,1.0,199516100.0,18053067400.0,7423.0,92.0,92.0,2820300.0,91.0,1015400.0,3262500000.0,652500000.0,652500000.0,1020600.0,12514700.0,,0.0,0.0,0.0
2023-10-09,92.0,0.0,0.0,94.0,90.0,93.0,1.0,139453300.0,12795832700.0,8680.0,93.0,93.0,1063600.0,92.0,1263700.0,3262500000.0,652500000.0,652500000.0,3457400.0,890500.0,,0.0,0.0,0.0
2023-10-10,93.0,0.0,0.0,94.0,92.0,93.0,0.0,119829300.0,11141050900.0,6080.0,93.0,93.0,132700.0,92.0,372100.0,3262500000.0,652500000.0,652500000.0,411400.0,592800.0,,0.0,0.0,0.0
2023-10-11,93.0,0.0,0.0,94.0,92.0,94.0,1.0,172441900.0,16036597400.0,7781.0,94.0,94.0,2968400.0,93.0,643000.0,3262500000.0,652500000.0,652500000.0,464900.0,1788900.0,,50000000.0,4550000000.0,1.0
2023-10-12,94.0,0.0,0.0,94.0,91.0,91.0,-3.0,120915200.0,11237468100.0,6997.0,91.0,93.0,2800.0,91.0,9639400.0,3262500000.0,652500000.0,652500000.0,1240500.0,142300.0,,0.0,0.0,0.0
2023-10-13,91.0,0.0,0.0,91.0,84.0,88.0,-3.0,69913200.0,6135022800.0,3875.0,88.0,88.0,460000.0,87.0,108200.0,3262500000.0,652500000.0,652500000.0,1053500.0,889600.0,,0.0,0.0,0.0
2023-10-16,88.0,0.0,0.0,88.0,83.0,87.0,-1.0,136078400.0,11538850700.0,6519.0,87.0,87.0,370600.0,86.0,500900.0,3262500000.0,652500000.0,652500000.0,1656800.0,2164500.0,,0.0,0.0,0.0
2023-10-17,87.0,0.0,0.0,87.0,84.0,87.0,0.0,90406300.0,7744939500.0,9876.0,87.0,87.0,1484000.0,86.0,17800.0,3262500000.0,652500000.0,652500000.0,1003300.0,872600.0,,0.0,0.0,0.0
2023-10-18,87.0,0.0,0.0,87.0,84.0,87.0,0.0,97578600.0,8350935900.0,6072.0,87.0,87.0,1141300.0,86.0,1003600.0,3262500000.0,652500000.0,652500000.0,961100.0,2207700.0,,0.0,0.0,0.0
2023-10-19,87.0,0.0,0.0,87.0,85.0,87.0,0.0,108219300.0,9306139300.0,6266.0,87.0,87.0,1120800.0,86.0,810000.0,3262500000.0,652500000.0,652500000.0,246000.0,5900.0,,0.0,0.0,0.0
2023-10-20,87.0,0.0,0.0,87.0,83.0,85.0,-2.0,86135500.0,7289177800.0,2778.0,85.0,85.0,1294800.0,84.0,29000.0,3262500000.0,652500000.0,652500000.0,2777000.0,265300.0,,0.0,0.0,0.0
2023-10-23,85.0,0.0,0.0,85.0,80.0,80.0,-5.0,94367400.0,7767910900.0,4773.0,80.0,80.0,245800.0,79.0,114600.0,3262500000.0,652500000.0,652500000.0,342200.0,560000.0,,0.0,0.0,0.0
2023-10-24,80.0,0.0,0.0,79.0,72.0,79.0,-1.0,105914600.0,7896807800.0,4604.0,79.0,79.0,531200.0,78.0,300000.0,3262500000.0,652500000.0,652500000.0,1865900.0,899900.0,,0.0,0.0,0.0
2023-10-25,79.0,0.0,0.0,78.0,75.0,78.0,-1.0,118020500.0,9023129800.0,3971.0,78.0,78.0,834900.0,77.0,7500.0,3262500000.0,652500000.0,652500000.0,1136100.0,20100.0,,0.0,0.0,0.0
2023-10-26,78.0,0.0,0.0,78.0,75.0,75.0,-3.0,88109500.0,6695507100.0,5161.0,75.0,76.0,7500.0,75.0,100500.0,3262500000.0,652500000.0,652500000.0,1071200.0,3171900.0,,0.0,0.0,0.0
2023-10-27,75.0,0.0,0.0,75.0,73.0,75.0,0.0,81631600.0,6039960400.0,4287.0,75.0,75.0,938000.0,73.0,260200.0,3262500000.0,652500000.0,652500000.0,196400.0,2235200.0,,0.0,0.0,0.0
2023-10-30,75.0,0.0,0.0,75.0,70.0,73.0,-2.0,122707900.0,8769894400.0,3220.0,73.0,73.0,41000.0,72.0,884100.0,3262500000.0,652500000.0,652500000.0,2349300.0,707100.0,,0.0,0.0,0.0
2023-10-31,73.0,0.0,0.0,73.0,71.0,73.0,0.0,78007900.0,5616089700.0,3194.0,73.0,73.0,897700.0,72.0,1000.0,3262500000.0,652500000.0,652500000.0,259300.0,567300.0,,0.0,0.0,0.0
2023-11-01,73.0,0.0,0.0,73.0,70.0,71.0,-2.0,82853500.0,5895935000.0,4653.0,71.0,72.0,278700.0,71.0,238400.0,3262500000.0,652500000.0,652500000.0,31000.0,26300.0,,0.0,0.0,0.0
2023-11-02,71.0,0.0,0.0,73.0,70.0,73.0,2.0,81411600.0,5802015500.0,3817.0,73.0,73.0,12100.0,72.0,65400.0,3262500000.0,652500000.0,652500000.0,136000.0,870300.0,,0.0,0.0,0.0
2023-11-03,73.0,0.0,0.0,74.0,71.0,74.0,1.0,56631000.0,4082426600.0,2781.0,74.0,74.0,442800.0,72.0,61700.0,3262500000.0,652500000.0,652500000.0,208100.0,2126900.0,,0.0,0.0,0.0
2023-11-06,74.0,0.0,0.0,76.0,73.0,76.0,2.0,53215300.0,3912636100.0,779.0,76.0,76.0,843200.0,75.0,500000.0,3262500000.0,652500000.0,652500000.0,664900.0,4019700.0,,0.0,0.0,0.0
2023-11-07,76.0,0.0,0.0,77.0,72.0,72.0,-4.0,44089600.0,3345201600.0,2240.0,72.0,72.0,118100.0,71.0,103600.0,3262500000.0,652500000.0,652500000.0,4424500.0,142200.0,,0.0,0.0,0.0
2023-11-08,72.0,0.0,0.0,72.0,66.0,67.0,-5.0,24565200.0,1678310300.0,1962.0,67.0,67.0,104000.0,66.0,1158400.0,3262500000.0,652500000.0,652500000.0,1633600.0,2586200.0,,0.0,0.0,0.0
2023-11-09,67.0,0.0,0.0,67.0,63.0,66.0,-1.0,57569800.0,3798403200.0,1531.0,66.0,66.0,7600.0,65.0,727200.0,3262500000.0,652500000.0,652500000.0,1487800.0,237700.0,,0.0,0.0,0.0
2023-11-10,66.0,0.0,0.0,66.0,58.0,65.0,-1.0,9897400.0,635007500.0,1317.0,65.0,65.0,263200.0,64.0,3400.0,3262500000.0,652500000.0,652500000.0,82000.0,944200.0,,0.0,0.0,0.0
2023-11-13,65.0,0.0,0.0,65.0,62.0,63.0,-2.0,44758200.0,2863637500.0,1117.0,63.0,64.0,63600.0,63.0,63600.0,3262500000.0,652500000.0,652500000.0,358900.0,0.0,,0.0,0.0,0.0
2023-11-14,63.0,0.0,0.0,63.0,60.0,62.0,-1.0,2600300.0,158549700.0,231.0,62.0,62.0,376100.0,61.0,18000.0,3262500000.0,652500000.0,652500000.0,567000.0,0.0,,0.0,0.0,0.0
2023-11-15,62.0,0.0,0.0,62.0,55.0,62.0,0.0,24480900.0,1490910200.0,2215.0,62.0,62.0,1092000.0,61.0,149400.0,3262500700.0,652500700.0,652500000.0,1113900.0,1912000.0,,0.0,0.0,0.0
2023-11-16,62.0,0.0,0.0,62.0,60.0,61.0,-1.0,30819400.0,1880832700.0,3422.0,61.0,62.0,259900.0,61.0,49000.0,3262502100.0,652502100.0,652500000.0,500.0,244600.0,,0.0,0.0,0.0
2023-11-17,61.0,0.0,0.0,61.0,50.0,50.0,-11.0,48248400.0,2489686100.0,4000.0,50.0,51.0,240600.0,50.0,16504100.0,3262502100.0,652502100.0,652500000.0,4020600.0,2078500.0,,0.0,0.0,0.0
2023-11-20,50.0,0.0,0.0,54.0,50.0,52.0,2.0,11986700.0,623103000.0,849.0,52.0,53.0,387300.0,51.0,3022900.0,3262502100.0,652502100.0,652500000.0,832200.0,2575600.0,,0.0,0.0,0.0
2023-11-21,52.0,0.0,0.0,63.0,52.0,55.0,3.0,43657600.0,2535483600.0,3172.0,55.0,55.0,9000.0,54.0,338800.0,3262502100.0,652502100.0,652500000.0,4336200.0,3314000.0,,0.0,0.0,0.0
2023-11-22,55.0,0.0,0.0,58.0,52.0,54.0,-1.0,14231700.0,780779900.0,1013.0,54.0,54.0,210400.0,53.0,535700.0,3262503600.0,652503600.0,652500000.0,2474100.0,1550700.0,,0.0,0.0,0.0
2023-11-23,54.0,0.0,0.0,55.0,52.0,54.0,0.0,3569000.0,190910900.0,297.0,54.0,55.0,390600.0,54.0,45200.0,3262503600.0,652503600.0,652500000.0,412500.0,736000.0,,0.0,0.0,0.0
2023-11-24,54.0,0.0,0.0,55.0,52.0,53.0,-1.0,4905700.0,260943800.0,292.0,53.0,54.0,414700.0,52.0,1074300.0,3262506000.0,652506000.0,652500000.0,28800.0,1134500.0,,0.0,0.0,0.0
2023-11-27,53.0,0.0,0.0,53.0,50.0,50.0,-3.0,11151800.0,571660400.0,431.0,50.0,51.0,21300.0,50.0,10573100.0,3262506000.0,652506000.0,652500000.0,1261600.0,453500.0,,0.0,0.0,0.0
2023-11-28,50.0,0.0,0.0,53.0,50.0,52.0,2.0,3101700.0,158700800.0,239.0,52.0,52.0,1151900.0,51.0,1709200.0,3262506000.0,652506000.0,652500000.0,349100.0,70500.0,,0.0,0.0,0.0
2023-11-29,52.0,0.0,0.0,52.0,50.0,51.0,-1.0,4504500.0,229231200.0,260.0,51.0,52.0,1659600.0,51.0,381300.0,3262507000.0,652507000.0,652500000.0,639000.0,51700.0,,0.0,0.0,0.0
2023-11-30,51.0,0.0,0.0,52.0,50.0,50.0,-1.0,3848600.0,195354300.0,199.0,50.0,51.0,300500.0,50.0,12149200.0,3262507000.0,652507000.0,652500000.0,1747500.0,0.0,,0.0,0.0,0.0
2023-12-01,50.0,0.0,0.0,51.0,50.0,50.0,0.0,10733700.0,536952200.0,352.0,50.0,51.0,1362400.0,0.0,0.0,3262507000.0,652507000.0,652500000.0,1481100.0,0.0,,0.0,0.0,0.0
2023-12-04,50.0,0.0,0.0,51.0,50.0,50.0,0.0,5156000.0,258012900.0,264.0,50.0,51.0,2796100.0,50.0,744300.0,3262507000.0,652507000.0,652500000.0,2406300.0,0.0,,0.0,0.0,0.0
2023-12-05,50.0,0.0,0.0,51.0,50.0,50.0,0.0,4203800.0,210192000.0,166.0,50.0,51.0,1799600.0,50.0,679800.0,3262507000.0,652507000.0,652500000.0,1169000.0,0.0,,0.0,0.0,0.0
2023-12-06,50.0,0.0,0.0,51.0,50.0,50.0,0.0,2886500.0,144360800.0,157.0,50.0,50.0,172200.0,0.0,0.0,3262509000.0,652509000.0,652500000.0,2154300.0,0.0,,0.0,0.0,0.0
2023-12-07,50.0,0.0,0.0,50.0,50.0,50.0,0.0,269100.0,13455000.0,101.0,50.0,50.0,585200.0,0.0,0.0,3262509000.0,652509000.0,652500000.0,40300.0,0.0,,0.0,0.0,0.0
2023-12-08,50.0,0.0,0.0,50.0,50.0,50.0,0.0,95800.0,4790000.0,38.0,50.0,50.0,958300.0,0.0,0.0,3262509000.0,652509000.0,652500000.0,0.0,0.0,,0.0,0.0,0.0
2023-12-11,50.0,0.0,0.0,50.0,50.0,50.0,0.0,175700.0,8785000.0,28.0,50.0,50.0,1718300.0,0.0,0.0,3262509000.0,652509000.0,652500000.0,0.0,0.0,,0.0,0.0,0.0
2023-12-12,50.0,0.0,0.0,50.0,50.0,50.0,0.0,239600.0,11980000.0,132.0,50.0,50.0,2389900.0,0.0,0.0,3262509200.0,652509200.0,652500000.0,0.0,0.0,,0.0,0.0,0.0
2023-12-13,50.0,0.0,0.0,50.0,50.0,50.0,0.0,345500.0,17275000.0,86.0,50.0,50.0,1786500.0,0.0,0.0,3262509200.0,652509200.0,652500000.0,0.0,0.0,,0.0,0.0,0.0
2023-12-14,50.0,0.0,0.0,50.0,50.0,50.0,0.0,19623400.0,981170000.0,120.0,50.0,50.0,1539200.0,0.0,0.0,3262509200.0,652509200.0,652500000.0,0.0,0.0,,0.0,0.0,0.0
2023-12-15,50.0,0.0,0.0,50.0,50.0,50.0,0.0,250700.0,12535000.0,29.0,50.0,50.0,3599000.0,0.0,0.0,3262509300.0,652509300.0,652500000.0,0.0,0.0,,0.0,0.0,0.0
2023-12-18,50.0,0.0,0.0,50.0,50.0,50.0,0.0,281700.0,14085000.0,22.0,50.0,50.0,2981400.0,0.0,0.0,3262509300.0,652509300.0,652500000.0,281700.0,0.0,,0.0,0.0,0.0
2023-12-19,50.0,0.0,0.0,50.0,50.0,50.0,0.0,6200.0,310000.0,10.0,50.0,50.0,4698400.0,0.0,0.0,3262509300.0,652509300.0,652500000.0,0.0,0.0,,0.0,0.0,0.0
2023-12-20,50.0,0.0,0.0,50.0,50.0,50.0,0.0,50300.0,2515000.0,20.0,50.0,50.0,7448400.0,0.0,0.0,3262509300.0,652509300.0,652500000.0,0.0,20000.0,,0.0,0.0,0.0
2023-12-21,50.0,0.0,0.0,50.0,50.0,50.0,0.0,53600.0,2680000.0,22.0,50.0,50.0,5338900.0,0.0,0.0,3262509300.0,652509300.0,652500000.0,0.0,0.0,,0.0,0.0,0.0
2023-12-22,50.0,0.0,0.0,50.0,50.0,50.0,0.0,114000.0,5700000.0,38.0,50.0,50.0,3764200.0,0.0,0.0,3262509300.0,652509300.0,652500000.0,89000.0,0.0,,146470900.0,7323545000.0,3.0
2023-12-27,50.0,0.0,0.0,50.0,50.0,50.0,0.0,57900.0,2895000.0,21.0,50.0,50.0,4438800.0,0.0,0.0,3262509300.0,652509300.0,652500000.0,0.0,0.0,,88736900.0,4436845000.0,2.0
2023-12-28,50.0,0.0,0.0,50.0,50.0,50.0,0.0,67900.0,3395000.0,15.0,50.0,50.0,5346300.0,0.0,0.0,3262509300.0,652509300.0,652500000.0,0.0,0.0,,0.0,0.0,0.0
2023-12-29,50.0,0.0,0.0,50.0,50.0,50.0,0.0,279000.0,13950000.0,28.0,50.0,50.0,6360300.0,0.0,0.0,3262509300.0,3262509300.0,652500000.0,0.0,0.0,,0.0,0.0,0.0
2024-01-02,50.0,0.0,0.0,50.0,50.0,50.0,0.0,89900.0,4495000.0,117.0,50.0,50.0,4878700.0,0.0,0.0,3262509300.0,3262509300.0,652501860.0,0.0,0.0,,0.0,0.0,0.0
2024-01-03,50.0,0.0,0.0,50.0,50.0,50.0,0.0,37000.0,1850000.0,19.0,50.0,50.0,4343100.0,0.0,0.0,3262509300.0,3262509300.0,652501860.0,0.0,0.0,,0.0,0.0,0.0
2024-01-04,50.0,0.0,0.0,50.0,50.0,50.0,0.0,222500.0,11125000.0,31.0,50.0,50.0,4594500.0,0.0,0.0,3262509300.0,3262509300.0,652501860.0,0.0,0.0,,92477100.0,4623855000.0,2.0
2024-01-05,50.0,0.0,0.0,50.0,50.0,50.0,0.0,32400.0,1620000.0,16.0,50.0,50.0,4837400.0,0.0,0.0,3262509300.0,3262509300.0,652501860.0,0.0,0.0,,0.0,0.0,0.0
2024-01-08,50.0,0.0,0.0,51.0,50.0,50.0,0.0,9786700.0,490109500.0,506.0,50.0,50.0,50100.0,0.0,0.0,3262509300.0,3262509300.0,652501860.0,354100.0,5899800.0,,2360600.0,118000600.0,2.0
2024-01-09,50.0,0.0,0.0,51.0,50.0,50.0,0.0,925300.0,46308800.0,62.0,50.0,50.0,1066400.0,0.0,0.0,3262509300.0,3262509300.0,652501860.0,0.0,0.0,,0.0,0.0,0.0
2024-01-10,50.0,0.0,0.0,51.0,50.0,50.0,0.0,832800.0,41648500.0,82.0,50.0,50.0,175500.0,0.0,0.0,3262509300.0,3262509300.0,652501860.0,0.0,0.0,,0.0,0.0,0.0
2024-01-11,50.0,0.0,0.0,51.0,50.0,50.0,0.0,412800.0,20643100.0,58.0,50.0,50.0,502400.0,0.0,0.0,3262509300.0,3262509300.0,652501860.0,95300.0,0.0,,0.0,0.0,0.0
2024-01-12,50.0,0.0,0.0,51.0,50.0,50.0,0.0,1037900.0,52098900.0,104.0,50.0,50.0,28900.0,0.0,0.0,3262509300.0,3262509300.0,652501860.0,0.0,0.0,,0.0,0.0,0.0
2024-01-15,50.0,0.0,0.0,51.0,50.0,50.0,0.0,2185500.0,109275200.0,78.0,50.0,50.0,410500.0,0.0,0.0,3262510703.0,3262510703.0,652501860.0,11200.0,0.0,,0.0,0.0,0.0
2024-01-16,50.0,0.0,0.0,50.0,50.0,50.0,0.0,29200.0,1460000.0,23.0,50.0,50.0,914500.0,0.0,0.0,3262510703.0,3262510703.0,652501860.0,0.0,0.0,,0.0,0.0,0.0
2024-01-17,50.0,0.0,0.0,50.0,50.0,50.0,0.0,2200.0,110000.0,4.0,50.0,50.0,939700.0,0.0,0.0,3262510703.0,3262510703.0,652501860.0,0.0,0.0,,0.0,0.0,0.0
2024-01-18,50.0,0.0,0.0,50.0,50.0,50.0,0.0,30700.0,1535000.0,15.0,50.0,50.0,1839800.0,0.0,0.0,3262510703.0,3262510703.0,652501860.0,0.0,0.0,,0.0,0.0,0.0
2024-01-19,50.0,0.0,0.0,50.0,50.0,50.0,0.0,91300.0,4565000.0,15.0,50.0,50.0,2225000.0,0.0,0.0,3262510703.0,3262510703.0,652501860.0,0.0,10000.0,,0.0,0.0,0.0
2024-01-22,50.0,0.0,0.0,50.0,50.0,50.0,0.0,644000.0,32200000.0,215.0,50.0,50.0,1745500.0,0.0,0.0,3262510703.0,3262510703.0,652501860.0,0.0,0.0,,0.0,0.0,0.0
2024-01-23,50.0,0.0,0.0,50.0,50.0,50.0,0.0,12300.0,615000.0,4.0,50.0,50.0,1733900.0,0.0,0.0,3262510703.0,3262510703.0,652501860.0,0.0,0.0,,4600000.0,230000000.0,1.0
2024-01-24,50.0,0.0,0.0,50.0,50.0,50.0,0.0,6700.0,335000.0,4.0,50.0,50.0,1434000.0,0.0,0.0,3262510703.0,3262510703.0,652501860.0,0.0,0.0,,0.0,0.0,0.0
2024-01-25,50.0,0.0,0.0,50.0,50.0,50.0,0.0,23500.0,1175000.0,7.0,50.0,50.0,2302400.0,0.0,0.0,3262511403.0,3262511403.0,652501860.0,0.0,0.0,,0.0,0.0,0.0
2024-01-26,50.0,0.0,0.0,50.0,50.0,50.0,0.0,28400.0,1420000.0,7.0,50.0,50.0,2113900.0,0.0,0.0,3262511403.0,3262511403.0,652501860.0,0.0,20000.0,,0.0,0.0,0.0
2024-01-29,50.0,0.0,0.0,50.0,50.0,50.0,0.0,1500.0,75000.0,4.0,50.0,50.0,3171800.0,0.0,0.0,3262511403.0,3262511403.0,652501860.0,0.0,0.0,,0.0,0.0,0.0
2024-01-30,50.0,0.0,0.0,50.0,50.0,50.0,0.0,61200.0,3060000.0,8.0,50.0,50.0,2490000.0,0.0,0.0,3262511403.0,3262511403.0,652501860.0,0.0,0.0,,0.0,0.0,0.0
2024-01-31,50.0,0.0,0.0,50.0,50.0,50.0,0.0,5300.0,265000.0,6.0,50.0,50.0,2628000.0,0.0,0.0,3262511403.0,3262511403.0,652501860.0,0.0,0.0,,0.0,0.0,0.0
2024-02-01,50.0,0.0,0.0,50.0,50.0,50.0,0.0,92700.0,4635000.0,10.0,50.0,50.0,2773100.0,0.0,0.0,3262511403.0,3262511403.0,652501860.0,0.0,0.0,,0.0,0.0,0.0
2024-02-02,50.0,0.0,0.0,50.0,50.0,50.0,0.0,14100.0,705000.0,5.0,50.0,50.0,2708800.0,0.0,0.0,3262511403.0,3262511403.0,652501860.0,0.0,0.0,,0.0,0.0,0.0
2024-02-05,50.0,0.0,0.0,50.0,50.0,50.0,0.0,12200.0,610000.0,6.0,50.0,50.0,2035800.0,0.0,0.0,3262511404.0,3262511404.0,652501860.0,0.0,0.0,,0.0,0.0,0.0
2024-02-06,50.0,0.0,0.0,50.0,50.0,50.0,0.0,16000.0,800000.0,6.0,50.0,50.0,2978300.0,0.0,0.0,3262511404.0,3262511404.0,652501860.0,0.0,0.0,,0.0,0.0,0.0
2024-02-07,50.0,0.0,0.0,50.0,50.0,50.0,0.0,53600.0,2680000.0,6.0,50.0,50.0,3625600.0,0.0,0.0,3262511404.0,3262511404.0,652501860.0,0.0,0.0,,0.0,0.0,0.0
2024-02-12,50.0,0.0,0.0,50.0,50.0,50.0,0.0,4400.0,220000.0,20.0,50.0,50.0,3528600.0,0.0,0.0,3262511404.0,3262511404.0,652501860.0,0.0,0.0,,0.0,0.0,0.0
2024-02-13,50.0,0.0,0.0,50.0,50.0,50.0,0.0,12300.0,615000.0,9.0,50.0,50.0,4224400.0,0.0,0.0,3262511404.0,3262511404.0,652501860.0,0.0,0.0,,0.0,0.0,0.0
2024-02-15,50.0,0.0,0.0,50.0,50.0,50.0,0.0,229000.0,11450000.0,51.0,50.0,50.0,2790800.0,0.0,0.0,3262511404.0,3262511404.0,652501860.0,0.0,0.0,,740000.0,31080000.0,1.0
2024-02-16,50.0,0.0,0.0,50.0,50.0,50.0,0.0,23700.0,1185000.0,7.0,50.0,50.0,2937200.0,0.0,0.0,3262511404.0,3262511404.0,652501860.0,0.0,0.0,,0.0,0.0,0.0
2024-02-19,50.0,0.0,0.0,50.0,50.0,50.0,0.0,1800.0,90000.0,3.0,50.0,50.0,1843100.0,0.0,0.0,3262511404.0,3262511404.0,652501860.0,0.0,0.0,,0.0,0.0,0.0
2024-02-20,50.0,0.0,0.0,50.0,50.0,50.0,0.0,66100.0,3305000.0,4.0,50.0,50.0,2759000.0,0.0,0.0,3262511404.0,3262511404.0,652501860.0,0.0,0.0,,0.0,0.0,0.0
2024-02-21,50.0,0.0,0.0,50.0,50.0,50.0,0.0,502800.0,25140000.0,7.0,50.0,50.0,1843600.0,0.0,0.0,3262511404.0,3262511404.0,652501860.0,0.0,0.0,,0.0,0.0,0.0
2024-02-22,50.0,0.0,0.0,50.0,50.0,50.0,0.0,16800.0,840000.0,16.0,50.0,50.0,3742100.0,0.0,0.0,3262511404.0,3262511404.0,652501860.0,0.0,0.0,,0.0,0.0,0.0
2024-02-23,50.0,0.0,0.0,50.0,50.0,50.0,0.0,8000.0,400000.0,7.0,50.0,50.0,2440100.0,0.0,0.0,3262511404.0,3262511404.0,652501860.0,0.0,0.0,,0.0,0.0,0.0
2024-02-26,50.0,0.0,0.0,50.0,50.0,50.0,0.0,15400.0,770000.0,91.0,50.0,50.0,3783600.0,0.0,0.0,3262511404.0,3262511404.0,652501860.0,0.0,0.0,,13690000.0,684500000.0,1.0
2024-02-27,50.0,0.0,0.0,50.0,50.0,50.0,0.0,11300.0,565000.0,58.0,50.0,50.0,2566600.0,0.0,0.0,3262511404.0,3262511404.0,652501860.0,0.0,0.0,,0.0,0.0,0.0
2024-02-28,50.0,0.0,0.0,50.0,50.0,50.0,0.0,37900.0,1895000.0,57.0,50.0,50.0,2516300.0,0.0,0.0,3262511404.0,3262511404.0,652501860.0,0.0,0.0,,740000.0,31080000.0,1.0
2024-02-29,50.0,0.0,0.0,50.0,50.0,50.0,0.0,7000.0,350000.0,29.0,50.0,50.0,4009200.0,0.0,0.0,3262511404.0,3262511404.0,652501860.0,0.0,0.0,,0.0,0.0,0.0
2024-03-01,50.0,0.0,0.0,50.0,50.0,50.0,0.0,7000.0,350000.0,19.0,50.0,50.0,4237800.0,0.0,0.0,3262511404.0,3262511404.0,652501860.0,0.0,0.0,,0.0,0.0,0.0
2024-03-04,50.0,0.0,0.0,50.0,50.0,50.0,0.0,30300.0,1515000.0,11.0,50.0,50.0,3039900.0,0.0,0.0,3262511404.0,3262511404.0,652501860.0,0.0,0.0,,0.0,0.0,0.0
2024-03-05,50.0,0.0,0.0,50.0,50.0,50.0,0.0,23600.0,1180000.0,8.0,50.0,50.0,3712300.0,0.0,0.0,3262511404.0,3262511404.0,652501860.0,0.0,0.0,,0.0,0.0,0.0
2024-03-06,50.0,0.0,0.0,51.0,50.0,50.0,0.0,5352400.0,267624300.0,108.0,50.0,50.0,664500.0,0.0,0.0,3262511404.0,3262511404.0,652501860.0,614400.0,4400.0,,0.0,0.0,0.0
2024-03-07,50.0,0.0,0.0,50.0,50.0,50.0,0.0,202100.0,10105000.0,35.0,50.0,50.0,1312700.0,0.0,0.0,3262511404.0,3262511404.0,652501860.0,0.0,0.0,,0.0,0.0,0.0
2024-03-08,50.0,0.0,0.0,50.0,50.0,50.0,0.0,7900.0,395000.0,8.0,50.0,50.0,1270100.0,0.0,0.0,3262511404.0,3262511404.0,652501860.0,0.0,0.0,,0.0,0.0,0.0
2024-03-13,50.0,0.0,0.0,50.0,50.0,50.0,0.0,81600.0,4080000.0,18.0,50.0,50.0,3040000.0,0.0,0.0,3262511404.0,3262511404.0,652501860.0,0.0,0.0,,0.0,0.0,0.0
2024-03-14,50.0,0.0,0.0,50.0,50.0,50.0,0.0,39500.0,1975000.0,10.0,50.0,50.0,3422800.0,0.0,0.0,3262511404.0,3262511404.0,652501860.0,0.0,0.0,,0.0,0.0,0.0
2024-03-15,50.0,0.0,0.0,50.0,50.0,50.0,0.0,97200.0,4860000.0,34.0,50.0,50.0,1451600.0,0.0,0.0,3262511404.0,3262511404.0,652501860.0,0.0,0.0,,0.0,0.0,0.0
2024-03-18,50.0,0.0,0.0,50.0,50.0,50.0,0.0,64700.0,3235000.0,18.0,50.0,50.0,2513700.0,0.0,0.0,3262511404.0,3262511404.0,652501860.0,0.0,0.0,,0.0,0.0,0.0
2024-03-19,50.0,0.0,0.0,60.0,50.0,50.0,0.0,218500.0,10926500.0,34.0,50.0,50.0,2690100.0,0.0,0.0,3262512904.0,3262512904.0,652501860.0,0.0,0.0,,0.0,0.0,0.0
2024-03-20,50.0,0.0,0.0,55.0,50.0,50.0,0.0,30900.0,1545500.0,21.0,50.0,50.0,2486900.0,0.0,0.0,3262512904.0,3262512904.0,652501860.0,0.0,0.0,,0.0,0.0,0.0
2024-03-21,50.0,0.0,0.0,50.0,50.0,50.0,0.0,2604300.0,130215000.0,266.0,50.0,50.0,232800.0,0.0,0.0,3262512904.0,3262512904.0,652501860.0,0.0,0.0,,0.0,0.0,0.0
2024-03-22,50.0,0.0,0.0,55.0,50.0,50.0,0.0,53300.0,2665500.0,12.0,50.0,50.0,1723100.0,0.0,0.0,3262513004.0,3262513004.0,652501860.0,0.0,0.0,,0.0,0.0,0.0
2024-03-25,50.0,0.0,0.0,50.0,50.0,50.0,0.0,37300.0,1865000.0,21.0,50.0,50.0,4018900.0,0.0,0.0,3262513004.0,3262513004.0,652501860.0,30900.0,0.0,,0.0,0.0,0.0
2024-03-26,50.0,0.0,0.0,50.0,50.0,50.0,0.0,116000.0,5800000.0,20.0,50.0,50.0,2650200.0,0.0,0.0,3262513004.0,3262513004.0,652501860.0,0.0,0.0,,0.0,0.0,0.0
2024-03-27,50.0,0.0,0.0,50.0,50.0,50.0,0.0,5400.0,270000.0,7.0,50.0,50.0,4663000.0,0.0,0.0,3262513004.0,3262513004.0,652501860.0,0.0,0.0,,0.0,0.0,0.0
2024-03-28,50.0,0.0,0.0,50.0,50.0,50.0,0.0,119500.0,5975000.0,20.0,50.0,50.0,5624800.0,0.0,0.0,3262513004.0,3262513004.0,652501860.0,0.0,0.0,,0.0,0.0,0.0
2024-04-01,50.0,0.0,0.0,50.0,50.0,50.0,0.0,11600.0,580000.0,15.0,50.0,50.0,4094500.0,0.0,0.0,3262513004.0,3262513004.0,652502581.0,0.0,0.0,,0.0,0.0,0.0
2024-04-02,50.0,0.0,0.0,50.0,50.0,50.0,0.0,44200.0,2210000.0,6.0,50.0,50.0,3665600.0,0.0,0.0,3262513004.0,3262513004.0,652502581.0,0.0,0.0,,0.0,0.0,0.0
2024-04-03,50.0,0.0,0.0,55.0,50.0,50.0,0.0,40600.0,2031500.0,18.0,50.0,50.0,4968800.0,0.0,0.0,3262513004.0,3262513004.0,652502581.0,0.0,0.0,,0.0,0.0,0.0
2024-04-04,50.0,0.0,0.0,50.0,50.0,50.0,0.0,85100.0,4255000.0,19.0,50.0,50.0,3151900.0,0.0,0.0,3262513004.0,3262513004.0,652502581.0,0.0,0.0,,0.0,0.0,0.0
2024-04-05,50.0,0.0,0.0,50.0,50.0,50.0,0.0,33500.0,1675000.0,22.0,50.0,50.0,4872900.0,0.0,0.0,3262513004.0,3262513004.0,652502581.0,0.0,0.0,,0.0,0.0,0.0
2024-04-16,50.0,0.0,0.0,50.0,50.0,50.0,0.0,301600.0,15080000.0,32.0,50.0,50.0,3953600.0,0.0,0.0,3262513004.0,3262513004.0,652502581.0,0.0,0.0,,0.0,0.0,0.0
2024-04-17,50.0,0.0,0.0,50.0,50.0,50.0,0.0,26800.0,1340000.0,27.0,50.0,50.0,5169700.0,0.0,0.0,3262513004.0,3262513004.0,652502581.0,0.0,0.0,,0.0,0.0,0.0
2024-04-18,50.0,0.0,0.0,50.0,50.0,50.0,0.0,55300.0,2765000.0,24.0,50.0,50.0,3684100.0,0.0,0.0,3262513004.0,3262513004.0,652502581.0,0.0,0.0,,0.0,0.0,0.0
2024-04-19,50.0,0.0,0.0,50.0,50.0,50.0,0.0,109600.0,5480000.0,9.0,50.0,50.0,2682300.0,0.0,0.0,3262513004.0,3262513004.0,652502581.0,0.0,0.0,,0.0,0.0,0.0
2024-04-22,50.0,0.0,0.0,56.0,50.0,50.0,0.0,55400.0,2770600.0,13.0,50.0,50.0,3019200.0,0.0,0.0,3262513004.0,3262513004.0,652502581.0,0.0,0.0,,0.0,0.0,0.0
2024-04-23,50.0,0.0,0.0,50.0,50.0,50.0,0.0,265300.0,13265000.0,32.0,50.0,50.0,3035900.0,0.0,0.0,3262513004.0,3262513004.0,652502581.0,0.0,100000.0,,0.0,0.0,0.0
2024-04-24,50.0,0.0,0.0,60.0,50.0,50.0,0.0,187900.0,9396000.0,39.0,50.0,50.0,2191600.0,0.0,0.0,3262513004.0,3262513004.0,652502581.0,0.0,0.0,,0.0,0.0,0.0
2024-04-25,50.0,0.0,0.0,60.0,50.0,50.0,0.0,27800.0,1391000.0,18.0,50.0,50.0,1980600.0,0.0,0.0,3262513004.0,3262513004.0,652502581.0,0.0,0.0,,0.0,0.0,0.0
2024-04-26,50.0,0.0,0.0,51.0,50.0,50.0,0.0,93400.0,4670100.0,13.0,50.0,50.0,2739200.0,0.0,0.0,3262513004.0,3262513004.0,652502581.0,0.0,0.0,,0.0,0.0,0.0
2024-04-29,50.0,0.0,0.0,50.0,50.0,50.0,0.0,156400.0,7820000.0,24.0,50.0,50.0,2045700.0,0.0,0.0,3262513004.0,3262513004.0,652502581.0,0.0,0.0,,0.0,0.0,0.0
2024-04-30,50.0,0.0,0.0,50.0,50.0,50.0,0.0,27500.0,1375000.0,5.0,50.0,50.0,2084400.0,0.0,0.0,3262515205.0,3262515205.0,652502581.0,0.0,0.0,,0.0,0.0,0.0
2024-05-02,50.0,0.0,0.0,50.0,50.0,50.0,0.0,2800.0,140000.0,6.0,50.0,50.0,2675100.0,0.0,0.0,3262515205.0,3262515205.0,652502581.0,0.0,0.0,,0.0,0.0,0.0
2024-05-03,50.0,0.0,0.0,53.0,50.0,50.0,0.0,7200.0,360300.0,41.0,50.0,50.0,3590800.0,0.0,0.0,3262515805.0,3262515805.0,652502581.0,0.0,0.0,,0.0,0.0,0.0
2024-05-06,50.0,0.0,0.0,50.0,50.0,50.0,0.0,11600.0,580000.0,7.0,50.0,50.0,2738700.0,0.0,0.0,3262515805.0,3262515805.0,652502581.0,0.0,0.0,,940000.0,47000000.0,1.0
2024-05-07,50.0,0.0,0.0,50.0,50.0,50.0,0.0,700.0,35000.0,1.0,50.0,50.0,3302300.0,0.0,0.0,3262520106.0,3262520106.0,652502581.0,0.0,0.0,,85621900.0,4281095000.0,3.0
2024-05-08,50.0,0.0,0.0,50.0,50.0,50.0,0.0,3100.0,155000.0,3.0,50.0,50.0,2860700.0,0.0,0.0,3262520106.0,3262520106.0,652502581.0,0.0,0.0,,0.0,0.0,0.0
2024-05-13,50.0,0.0,0.0,50.0,50.0,50.0,0.0,21000.0,1050000.0,9.0,50.0,50.0,5099300.0,0.0,0.0,3262520106.0,3262520106.0,652502581.0,0.0,0.0,,0.0,0.0,0.0
2024-05-14,50.0,0.0,0.0,50.0,50.0,50.0,0.0,4700.0,235000.0,40.0,50.0,50.0,3162100.0,0.0,0.0,3262520106.0,3262520106.0,652502581.0,0.0,0.0,,0.0,0.0,0.0
2024-05-15,50.0,0.0,0.0,50.0,50.0,50.0,0.0,26600.0,1330000.0,18.0,50.0,50.0,3590700.0,0.0,0.0,3262520106.0,3262520106.0,652502581.0,0.0,0.0,,0.0,0.0,0.0
2024-05-16,50.0,0.0,0.0,50.0,50.0,50.0,0.0,2200.0,110000.0,8.0,50.0,50.0,2814800.0,0.0,0.0,3262520106.0,3262520106.0,652502581.0,0.0,0.0,,0.0,0.0,0.0
2024-05-17,50.0,0.0,0.0,50.0,50.0,50.0,0.0,16400.0,820000.0,10.0,50.0,50.0,3846700.0,0.0,0.0,3262520106.0,3262520106.0,652502581.0,0.0,0.0,,0.0,0.0,0.0
2024-05-20,50.0,0.0,0.0,50.0,50.0,50.0,0.0,17800.0,890000.0,5.0,50.0,50.0,3257300.0,0.0,0.0,3262520106.0,3262520106.0,652502581.0,0.0,0.0,,0.0,0.0,0.0
2024-05-21,50.0,0.0,0.0,50.0,50.0,50.0,0.0,11800.0,590000.0,6.0,50.0,50.0,3322300.0,0.0,0.0,3262520106.0,3262520106.0,652502581.0,0.0,0.0,,0.0,0.0,0.0
2024-05-22,50.0,0.0,0.0,50.0,50.0,50.0,0.0,2000.0,100000.0,4.0,50.0,50.0,3079600.0,0.0,0.0,3262520106.0,3262520106.0,652502581.0,0.0,0.0,,1362300.0,68115000.0,1.0
2024-05-27,50.0,0.0,0.0,50.0,50.0,50.0,0.0,16500.0,825000.0,10.0,50.0,50.0,3309700.0,0.0,0.0,3262520106.0,3262520106.0,652502581.0,0.0,0.0,,0.0,0.0,0.0
2024-05-28,50.0,0.0,0.0,50.0,50.0,50.0,0.0,19500.0,975000.0,6.0,50.0,50.0,3716200.0,0.0,0.0,3262520106.0,3262520106.0,652502581.0,0.0,0.0,,0.0,0.0,0.0
2024-05-29,50.0,0.0,0.0,50.0,50.0,50.0,0.0,2300.0,115000.0,5.0,50.0,50.0,3597000.0,0.0,0.0,3262520106.0,3262520106.0,652502581.0,0.0,0.0,,0.0,0.0,0.0
2024-05-30,50.0,0.0,0.0,50.0,50.0,50.0,0.0,1300.0,65000.0,3.0,50.0,50.0,2755700.0,0.0,0.0,3262520106.0,3262520106.0,652502581.0,0.0,0.0,,0.0,0.0,0.0
2024-05-31,50.0,0.0,0.0,50.0,50.0,50.0,0.0,2100.0,105000.0,13.0,50.0,50.0,3357100.0,0.0,0.0,3262520106.0,3262520106.0,652502581.0,0.0,0.0,,0.0,0.0,0.0
2024-06-03,50.0,0.0,0.0,50.0,50.0,50.0,0.0,2500.0,125000.0,5.0,50.0,50.0,6564900.0,0.0,0.0,3262520106.0,3262520106.0,652502581.0,0.0,0.0,,0.0,0.0,0.0
2024-06-04,50.0,0.0,0.0,50.0,50.0,50.0,0.0,7100.0,355000.0,4.0,50.0,50.0,7361200.0,0.0,0.0,3262520106.0,3262520106.0,652502581.0,0.0,0.0,,0.0,0.0,0.0
2024-06-05,50.0,0.0,0.0,59.0,50.0,50.0,0.0,10300.0,515900.0,4.0,50.0,50.0,7402800.0,0.0,0.0,3262520106.0,3262520106.0,652502581.0,0.0,0.0,,0.0,0.0,0.0
2024-06-06,50.0,0.0,0.0,50.0,50.0,50.0,0.0,3200.0,160000.0,32.0,50.0,50.0,7043900.0,0.0,0.0,3262520106.0,3262520106.0,652502581.0,0.0,0.0,,0.0,0.0,0.0
2024-06-07,50.0,0.0,0.0,50.0,50.0,50.0,0.0,1800.0,90000.0,18.0,50.0,50.0,6695700.0,0.0,0.0,3262520106.0,3262520106.0,652502581.0,0.0,0.0,,0.0,0.0,0.0
2024-06-10,50.0,0.0,0.0,50.0,50.0,50.0,0.0,3200.0,160000.0,5.0,50.0,50.0,10625900.0,0.0,0.0,3262520106.0,3262520106.0,652502581.0,0.0,0.0,,0.0,0.0,0.0
2024-06-11,50.0,0.0,0.0,50.0,50.0,50.0,0.0,6600.0,330000.0,24.0,50.0,50.0,9538900.0,0.0,0.0,3262520106.0,3262520106.0,652502581.0,0.0,0.0,,0.0,0.0,0.0
2024-06-12,50.0,0.0,0.0,50.0,50.0,50.0,0.0,3000.0,150000.0,19.0,50.0,50.0,7218200.0,0.0,0.0,3262520106.0,3262520106.0,652502581.0,0.0,0.0,,0.0,0.0,0.0
2024-06-13,50.0,0.0,0.0,50.0,50.0,50.0,0.0,2700.0,135000.0,18.0,50.0,50.0,9985600.0,0.0,0.0,3262520106.0,3262520106.0,652502581.0,0.0,0.0,,0.0,0.0,0.0
2024-06-14,50.0,0.0,0.0,50.0,50.0,50.0,0.0,400.0,20000.0,3.0,50.0,50.0,10047200.0,0.0,0.0,3262520106.0,3262520106.0,652502581.0,0.0,0.0,,0.0,0.0,0.0
2024-06-19,50.0,0.0,0.0,50.0,50.0,50.0,0.0,50400.0,2520000.0,50.0,50.0,50.0,6889400.0,0.0,0.0,3262520106.0,3262520106.0,652502581.0,0.0,0.0,,0.0,0.0,0.0
2024-06-20,50.0,0.0,0.0,50.0,50.0,50.0,0.0,27000.0,1350000.0,62.0,50.0,50.0,7287900.0,0.0,0.0,3262520106.0,3262520106.0,652502581.0,0.0,0.0,,0.0,0.0,0.0
2024-06-21,50.0,0.0,0.0,50.0,50.0,50.0,0.0,2000.0,100000.0,8.0,50.0,50.0,6802600.0,0.0,0.0,3262520106.0,3262520106.0,652502581.0,0.0,0.0,,0.0,0.0,0.0
2024-06-24,50.0,0.0,0.0,50.0,50.0,50.0,0.0,5700.0,285000.0,32.0,50.0,50.0,8958600.0,0.0,0.0,3262520106.0,3262520106.0,652502581.0,0.0,0.0,,0.0,0.0,0.0
2024-06-25,50.0,0.0,0.0,50.0,50.0,50.0,0.0,1100.0,55000.0,2.0,50.0,50.0,6494600.0,0.0,0.0,3262520106.0,3262520106.0,652502581.0,0.0,0.0,,0.0,0.0,0.0
2024-06-26,50.0,0.0,0.0,50.0,50.0,50.0,0.0,123600.0,6180000.0,6.0,50.0,50.0,6512500.0,0.0,0.0,3262520106.0,3262520106.0,652502581.0,0.0,0.0,,0.0,0.0,0.0
2024-06-27,50.0,0.0,0.0,50.0,50.0,50.0,0.0,22300.0,1115000.0,6.0,50.0,50.0,6126200.0,0.0,0.0,3262520106.0,3262520106.0,652502581.0,0.0,0.0,,0.0,0.0,0.0
2024-06-28,50.0,0.0,0.0,50.0,50.0,50.0,0.0,3300.0,165000.0,6.0,50.0,50.0,7005000.0,0.0,0.0,3262520106.0,3262520106.0,652502581.0,0.0,0.0,,0.0,0.0,0.0
2024-07-01,50.0,0.0,0.0,50.0,50.0,50.0,0.0,4800.0,240000.0,29.0,50.0,50.0,6537300.0,0.0,0.0,3262520106.0,3262520106.0,652504021.0,0.0,0.0,,0.0,0.0,0.0
2024-07-02,50.0,0.0,0.0,50.0,50.0,50.0,0.0,3200.0,160000.0,6.0,50.0,50.0,7170200.0,0.0,0.0,3262520106.0,3262520106.0,652504021.0,0.0,0.0,,0.0,0.0,0.0
2024-07-03,50.0,0.0,0.0,50.0,50.0,50.0,0.0,2700.0,135000.0,7.0,50.0,50.0,8859500.0,0.0,0.0,3262520106.0,3262520106.0,652504021.0,0.0,0.0,,0.0,0.0,0.0
2024-07-04,50.0,0.0,0.0,50.0,50.0,50.0,0.0,4500.0,225000.0,12.0,50.0,50.0,5752500.0,0.0,0.0,3262520106.0,3262520106.0,652504021.0,0.0,0.0,,0.0,0.0,0.0
2024-07-05,50.0,0.0,0.0,50.0,50.0,50.0,0.0,3200.0,160000.0,8.0,50.0,50.0,4978400.0,0.0,0.0,3262520106.0,3262520106.0,652504021.0,0.0,0.0,,0.0,0.0,0.0
2024-07-08,50.0,0.0,0.0,50.0,50.0,50.0,0.0,6600.0,330000.0,4.0,50.0,50.0,5600800.0,0.0,0.0,3262520106.0,3262520106.0,652504021.0,0.0,0.0,,0.0,0.0,0.0
2024-07-09,50.0,0.0,0.0,50.0,50.0,50.0,0.0,3700.0,185000.0,9.0,50.0,50.0,9450700.0,0.0,0.0,3262520106.0,3262520106.0,652504021.0,0.0,0.0,,0.0,0.0,0.0
2024-07-10,50.0,0.0,0.0,50.0,50.0,50.0,0.0,11700.0,585000.0,75.0,50.0,50.0,9013300.0,0.0,0.0,3262520106.0,3262520106.0,652504021.0,0.0,0.0,,0.0,0.0,0.0
2024-07-11,50.0,0.0,0.0,50.0,50.0,50.0,0.0,17300.0,865000.0,7.0,50.0,50.0,7868600.0,0.0,0.0,3262520106.0,3262520106.0,652504021.0,0.0,0.0,,0.0,0.0,0.0
2024-07-12,50.0,0.0,0.0,50.0,50.0,50.0,0.0,5000.0,250000.0,6.0,50.0,50.0,8386400.0,0.0,0.0,3262520106.0,3262520106.0,652504021.0,0.0,0.0,,0.0,0.0,0.0
2024-07-15,50.0,0.0,0.0,50.0,50.0,50.0,0.0,6600.0,330000.0,10.0,50.0,50.0,6213000.0,0.0,0.0,3262520106.0,3262520106.0,652504021.0,0.0,0.0,,0.0,0.0,0.0
2024-07-16,50.0,0.0,0.0,50.0,50.0,50.0,0.0,41400.0,2070000.0,8.0,50.0,50.0,8873600.0,0.0,0.0,3262520106.0,3262520106.0,652504021.0,0.0,0.0,,0.0,0.0,0.0
2024-07-17,50.0,0.0,0.0,50.0,50.0,50.0,0.0,213200.0,10660000.0,10.0,50.0,50.0,4907800.0,0.0,0.0,3262520106.0,3262520106.0,652504021.0,105900.0,0.0,,0.0,0.0,0.0
2024-07-18,50.0,0.0,0.0,50.0,50.0,50.0,0.0,33400.0,1670000.0,7.0,50.0,50.0,7817600.0,0.0,0.0,3262520106.0,3262520106.0,652504021.0,0.0,0.0,,0.0,0.0,0.0
2024-07-19,50.0,0.0,0.0,57.0,50.0,50.0,0.0,20200.0,1010700.0,15.0,50.0,50.0,8030300.0,0.0,0.0,3262520106.0,3262520106.0,652504021.0,0.0,0.0,,0.0,0.0,0.0
2024-07-22,50.0,0.0,0.0,57.0,50.0,50.0,0.0,1600.0,80700.0,9.0,50.0,50.0,5859600.0,0.0,0.0,3262520106.0,3262520106.0,652504021.0,0.0,0.0,,0.0,0.0,0.0
2024-07-23,50.0,0.0,0.0,50.0,50.0,50.0,0.0,9900.0,495000.0,8.0,50.0,50.0,4210100.0,0.0,0.0,3262520106.0,3262520106.0,652504021.0,0.0,0.0,,0.0,0.0,0.0
2024-07-24,50.0,0.0,0.0,50.0,50.0,50.0,0.0,900.0,45000.0,7.0,50.0,50.0,3756000.0,0.0,0.0,3262520106.0,3262520106.0,652504021.0,0.0,0.0,,0.0,0.0,0.0
2024-07-25,50.0,0.0,0.0,50.0,50.0,50.0,0.0,8400.0,420000.0,5.0,50.0,50.0,6090100.0,0.0,0.0,3262520106.0,3262520106.0,652504021.0,0.0,0.0,,0.0,0.0,0.0
2024-07-26,50.0,0.0,0.0,50.0,50.0,50.0,0.0,200.0,10000.0,2.0,50.0,50.0,5628900.0,0.0,0.0,3262520106.0,3262520106.0,652504021.0,0.0,0.0,,0.0,0.0,0.0
2024-07-29,50.0,0.0,0.0,50.0,50.0,50.0,0.0,4000.0,200000.0,5.0,50.0,50.0,5315100.0,0.0,0.0,3262520106.0,3262520106.0,652504021.0,0.0,0.0,,0.0,0.0,0.0
2024-07-30,50.0,0.0,0.0,50.0,50.0,50.0,0.0,600.0,30000.0,4.0,50.0,50.0,4400500.0,0.0,0.0,3262520106.0,3262520106.0,652504021.0,0.0,0.0,,0.0,0.0,0.0
2024-07-31,50.0,0.0,0.0,57.0,50.0,50.0,0.0,160600.0,8030700.0,15.0,50.0,50.0,7872200.0,0.0,0.0,3262520106.0,3262520106.0,652504021.0,0.0,0.0,,0.0,0.0,0.0
2024-08-01,50.0,0.0,0.0,57.0,50.0,50.0,0.0,319900.0,15995700.0,18.0,50.0,50.0,4995300.0,0.0,0.0,3262520106.0,3262520106.0,652504021.0,0.0,0.0,,0.0,0.0,0.0
2024-08-02,50.0,0.0,0.0,57.0,50.0,50.0,0.0,10700.0,535700.0,6.0,50.0,50.0,3892900.0,0.0,0.0,3262520106.0,3262520106.0,652504021.0,0.0,0.0,,0.0,0.0,0.0
2024-08-05,50.0,0.0,0.0,50.0,50.0,50.0,0.0,177900.0,8895000.0,9.0,50.0,50.0,4398500.0,0.0,0.0,3262520106.0,3262520106.0,652504021.0,0.0,0.0,,0.0,0.0,0.0
2024-08-06,50.0,0.0,0.0,57.0,50.0,50.0,0.0,14600.0,730700.0,8.0,50.0,50.0,3586400.0,0.0,0.0,3262520106.0,3262520106.0,652504021.0,0.0,0.0,,0.0,0.0,0.0
2024-08-07,50.0,0.0,0.0,50.0,50.0,50.0,0.0,10200.0,510000.0,12.0,50.0,50.0,3757500.0,0.0,0.0,3262520106.0,3262520106.0,652504021.0,0.0,0.0,,0.0,0.0,0.0
2024-08-08,50.0,0.0,0.0,50.0,50.0,50.0,0.0,5000.0,250000.0,3.0,50.0,50.0,4059200.0,0.0,0.0,3262520106.0,3262520106.0,652504021.0,0.0,0.0,,0.0,0.0,0.0
2024-08-09,50.0,0.0,0.0,50.0,50.0,50.0,0.0,3200.0,160000.0,7.0,50.0,50.0,4755300.0,0.0,0.0,3262520106.0,3262520106.0,652504021.0,0.0,0.0,,0.0,0.0,0.0
2024-08-12,50.0,0.0,0.0,50.0,50.0,50.0,0.0,49400.0,2470000.0,5.0,50.0,50.0,5259100.0,0.0,0.0,3262520106.0,3262520106.0,652504021.0,0.0,0.0,,0.0,0.0,0.0
2024-08-13,50.0,0.0,0.0,50.0,50.0,50.0,0.0,1600.0,80000.0,7.0,50.0,50.0,8771400.0,0.0,0.0,3262520106.0,3262520106.0,652504021.0,0.0,0.0,,0.0,0.0,0.0
2024-08-14,50.0,0.0,0.0,50.0,50.0,50.0,0.0,16300.0,815000.0,3.0,50.0,50.0,8085000.0,0.0,0.0,3262520106.0,3262520106.0,652504021.0,0.0,0.0,,0.0,0.0,0.0
2024-08-15,50.0,0.0,0.0,50.0,50.0,50.0,0.0,64000.0,3200000.0,9.0,50.0,50.0,7413700.0,0.0,0.0,3262520106.0,3262520106.0,652504021.0,0.0,0.0,,0.0,0.0,0.0
2024-08-16,50.0,0.0,0.0,50.0,50.0,50.0,0.0,11600.0,580000.0,15.0,50.0,50.0,5327900.0,0.0,0.0,3262520106.0,3262520106.0,652504021.0,0.0,0.0,,0.0,0.0,0.0
2024-08-19,50.0,0.0,0.0,50.0,50.0,50.0,0.0,9300.0,465000.0,10.0,50.0,50.0,5763400.0,0.0,0.0,3262520106.0,3262520106.0,652504021.0,0.0,0.0,,0.0,0.0,0.0
2024-08-20,50.0,0.0,0.0,50.0,50.0,50.0,0.0,3600.0,180000.0,16.0,50.0,50.0,5006800.0,0.0,0.0,3262520106.0,3262520106.0,652504021.0,0.0,0.0,,0.0,0.0,0.0
2024-08-21,50.0,0.0,0.0,50.0,50.0,50.0,0.0,137200.0,6860000.0,28.0,50.0,50.0,6443200.0,0.0,0.0,3262520106.0,3262520106.0,652504021.0,0.0,0.0,,0.0,0.0,0.0
2024-08-22,50.0,0.0,0.0,50.0,50.0,50.0,0.0,22800.0,1140000.0,30.0,50.0,50.0,16095900.0,0.0,0.0,3262520106.0,3262520106.0,652504021.0,0.0,0.0,,0.0,0.0,0.0
2024-08-23,50.0,0.0,0.0,50.0,50.0,50.0,0.0,35000.0,1750000.0,300.0,50.0,50.0,4930700.0,0.0,0.0,3262520106.0,3262520106.0,652504021.0,0.0,0.0,,0.0,0.0,0.0
2024-08-26,50.0,0.0,0.0,50.0,50.0,50.0,0.0,26700.0,1335000.0,202.0,50.0,50.0,5658900.0,0.0,0.0,3262520106.0,3262520106.0,652504021.0,0.0,0.0,,0.0,0.0,0.0
2024-08-27,50.0,0.0,0.0,50.0,50.0,50.0,0.0,19600.0,980000.0,55.0,50.0,50.0,5287500.0,0.0,0.0,3262520106.0,3262520106.0,652504021.0,0.0,0.0,,0.0,0.0,0.0
2024-08-28,50.0,0.0,0.0,50.0,50.0,50.0,0.0,33900.0,1695000.0,68.0,50.0,50.0,5038800.0,0.0,0.0,3262520106.0,3262520106.0,652504021.0,0.0,0.0,,0.0,0.0,0.0
2024-08-29,50.0,0.0,0.0,57.0,50.0,50.0,0.0,63600.0,3180700.0,97.0,50.0,50.0,7315500.0,0.0,0.0,3262520106.0,3262520106.0,652504021.0,0.0,0.0,,19775000.0,988750000.0,1.0
2024-08-30,50.0,0.0,0.0,50.0,50.0,50.0,0.0,9200.0,460000.0,60.0,50.0,50.0,4800900.0,0.0,0.0,3262520106.0,3262520106.0,652504021.0,0.0,0.0,,0.0,0.0,0.0
2024-09-02,50.0,0.0,0.0,50.0,50.0,50.0,0.0,12800.0,640000.0,51.0,50.0,50.0,4772400.0,0.0,0.0,3262520106.0,3262520106.0,652504021.0,0.0,0.0,,0.0,0.0,0.0
2024-09-03,50.0,0.0,0.0,50.0,50.0,50.0,0.0,95000.0,4750000.0,64.0,50.0,50.0,6182000.0,0.0,0.0,3262520106.0,3262520106.0,652504021.0,0.0,0.0,,0.0,0.0,0.0
2024-09-04,50.0,0.0,0.0,50.0,50.0,50.0,0.0,66100.0,3305000.0,130.0,50.0,50.0,4269300.0,0.0,0.0,3262520106.0,3262520106.0,652504021.0,0.0,0.0,,0.0,0.0,0.0
2024-09-05,50.0,0.0,0.0,57.0,50.0,50.0,0.0,23600.0,1180700.0,127.0,50.0,50.0,5594200.0,0.0,0.0,3262520106.0,3262520106.0,652504021.0,0.0,0.0,,0.0,0.0,0.0
2024-09-06,50.0,0.0,0.0,50.0,50.0,50.0,0.0,237500.0,11875000.0,126.0,50.0,50.0,4340000.0,0.0,0.0,3262520106.0,3262520106.0,652504021.0,0.0,0.0,,0.0,0.0,0.0
2024-09-09,50.0,0.0,0.0,50.0,50.0,50.0,0.0,36200.0,1810000.0,68.0,50.0,50.0,7085000.0,0.0,0.0,3262520106.0,3262520106.0,652504021.0,0.0,0.0,,0.0,0.0,0.0
2024-09-10,50.0,0.0,0.0,50.0,50.0,50.0,0.0,13600.0,680000.0,82.0,50.0,50.0,6144200.0,0.0,0.0,3262520106.0,3262520106.0,652504021.0,0.0,0.0,,0.0,0.0,0.0
2024-09-11,50.0,0.0,0.0,57.0,50.0,50.0,0.0,62200.0,3110700.0,103.0,50.0,50.0,6791300.0,0.0,0.0,3262520106.0,3262520106.0,652504021.0,0.0,20000.0,,0.0,0.0,0.0
2024-09-12,50.0,0.0,0.0,50.0,50.0,50.0,0.0,17600.0,880000.0,93.0,50.0,50.0,5352100.0,0.0,0.0,3262520106.0,3262520106.0,652504021.0,0.0,0.0,,0.0,0.0,0.0
2024-09-13,50.0,0.0,0.0,50.0,50.0,50.0,0.0,15800.0,790000.0,101.0,50.0,50.0,6354900.0,0.0,0.0,3262520106.0,3262520106.0,652504021.0,0.0,0.0,,0.0,0.0,0.0
2024-09-17,50.0,0.0,0.0,50.0,50.0,50.0,0.0,27100.0,1355000.0,103.0,50.0,50.0,5195500.0,0.0,0.0,3262520106.0,3262520106.0,652504021.0,0.0,0.0,,0.0,0.0,0.0
2024-09-18,50.0,0.0,0.0,50.0,50.0,50.0,0.0,17500.0,875000.0,113.0,50.0,50.0,5340200.0,0.0,0.0,3262520106.0,3262520106.0,652504021.0,0.0,0.0,,0.0,0.0,0.0
2024-09-19,50.0,0.0,0.0,57.0,50.0,50.0,0.0,110300.0,5515700.0,103.0,50.0,50.0,6096800.0,0.0,0.0,3262520106.0,3262520106.0,652504021.0,0.0,0.0,,0.0,0.0,0.0
2024-09-20,50.0,0.0,0.0,50.0,50.0,50.0,0.0,13200.0,660000.0,90.0,50.0,50.0,5403200.0,0.0,0.0,3262520106.0,3262520106.0,652504021.0,0.0,0.0,,0.0,0.0,0.0
2024-09-23,50.0,0.0,0.0,50.0,50.0,50.0,0.0,41100.0,2055000.0,123.0,50.0,50.0,5516600.0,0.0,0.0,3262520106.0,3262520106.0,652504021.0,40600.0,1500.0,,140225000.0,7011250000.0,2.0
2024-09-24,50.0,0.0,0.0,50.0,50.0,50.0,0.0,60100.0,3005000.0,96.0,50.0,50.0,5471800.0,0.0,0.0,3262520106.0,3262520106.0,652504021.0,0.0,0.0,,0.0,0.0,0.0
2024-09-25,50.0,0.0,0.0,50.0,50.0,50.0,0.0,44900.0,2245000.0,126.0,50.0,50.0,5574500.0,0.0,0.0,3262520106.0,3262520106.0,652504021.0,0.0,0.0,,0.0,0.0,0.0
2024-09-26,50.0,0.0,0.0,50.0,50.0,50.0,0.0,27600.0,1380000.0,150.0,50.0,50.0,5078900.0,0.0,0.0,3262520106.0,3262520106.0,652504021.0,0.0,0.0,,0.0,0.0,0.0
2024-09-27,50.0,0.0,0.0,50.0,50.0,50.0,0.0,24000.0,1200000.0,76.0,50.0,50.0,6985100.0,0.0,0.0,3262520106.0,3262520106.0,652504021.0,0.0,0.0,,0.0,0.0,0.0
2024-09-30,50.0,0.0,0.0,51.0,50.0,50.0,0.0,49300.0,2465100.0,131.0,50.0,50.0,5608600.0,0.0,0.0,3262520106.0,3262520106.0,652504021.0,0.0,0.0,,0.0,0.0,0.0
2024-10-01,50.0,0.0,0.0,50.0,50.0,50.0,0.0,58000.0,2900000.0,100.0,50.0,50.0,5755000.0,0.0,0.0,3262520106.0,3262520106.0,652504021.0,0.0,0.0,,0.0,0.0,0.0
2024-10-02,50.0,0.0,0.0,50.0,50.0,50.0,0.0,25900.0,1295000.0,103.0,50.0,50.0,9017900.0,0.0,0.0,3262520106.0,3262520106.0,652504021.0,0.0,0.0,,0.0,0.0,0.0
2024-10-03,50.0,0.0,0.0,50.0,50.0,50.0,0.0,24000.0,1200000.0,99.0,50.0,50.0,8214900.0,0.0,0.0,3262520106.0,3262520106.0,652504021.0,0.0,0.0,,0.0,0.0,0.0
2024-10-04,50.0,0.0,0.0,50.0,50.0,50.0,0.0,12100.0,605000.0,73.0,50.0,50.0,6745600.0,0.0,0.0,3262520106.0,3262520106.0,652504021.0,0.0,0.0,,0.0,0.0,0.0
2024-10-07,50.0,0.0,0.0,50.0,50.0,50.0,0.0,30100.0,1505000.0,124.0,50.0,50.0,4884900.0,0.0,0.0,3262520106.0,3262520106.0,652504021.0,0.0,0.0,,0.0,0.0,0.0
2024-10-08,50.0,0.0,0.0,50.0,50.0,50.0,0.0,24600.0,1230000.0,110.0,50.0,50.0,5759400.0,0.0,0.0,3262520106.0,3262520106.0,652504021.0,0.0,0.0,,0.0,0.0,0.0
2024-10-09,50.0,0.0,0.0,50.0,50.0,50.0,0.0,11000.0,550000.0,89.0,50.0,50.0,6233500.0,0.0,0.0,3262520106.0,3262520106.0,652504021.0,0.0,0.0,,0.0,0.0,0.0
2024-10-10,50.0,0.0,0.0,50.0,50.0,50.0,0.0,13100.0,655000.0,86.0,50.0,50.0,5367900.0,0.0,0.0,3262520106.0,3262520106.0,652504021.0,0.0,0.0,,0.0,0.0,0.0
2024-10-11,50.0,0.0,0.0,50.0,50.0,50.0,0.0,11200.0,560000.0,93.0,50.0,50.0,5917700.0,0.0,0.0,3262520106.0,3262520106.0,652504021.0,0.0,0.0,,35758200.0,1787910000.0,1.0
2024-10-14,50.0,0.0,0.0,50.0,50.0,50.0,0.0,13900.0,695000.0,91.0,50.0,50.0,5895600.0,0.0,0.0,3262520106.0,3262520106.0,652504021.0,0.0,0.0,,0.0,0.0,0.0
2024-10-15,50.0,0.0,0.0,50.0,50.0,50.0,0.0,29000.0,1450000.0,111.0,50.0,50.0,6624900.0,0.0,0.0,3262520106.0,3262520106.0,652504021.0,0.0,0.0,,0.0,0.0,0.0
2024-10-16,50.0,0.0,0.0,50.0,50.0,50.0,0.0,23600.0,1180000.0,105.0,50.0,50.0,6871600.0,0.0,0.0,3262520106.0,3262520106.0,652504021.0,0.0,0.0,,0.0,0.0,0.0
2024-10-17,50.0,0.0,0.0,50.0,50.0,50.0,0.0,47000.0,2350000.0,108.0,50.0,50.0,5347100.0,0.0,0.0,3262520106.0,3262520106.0,652504021.0,0.0,0.0,,0.0,0.0,0.0
2024-10-18,50.0,0.0,0.0,50.0,50.0,50.0,0.0,66500.0,3325000.0,133.0,50.0,50.0,5620500.0,0.0,0.0,3262520106.0,3262520106.0,652504021.0,0.0,0.0,,0.0,0.0,0.0
2024-10-21,50.0,0.0,0.0,50.0,50.0,50.0,0.0,61800.0,3090000.0,68.0,50.0,50.0,6380900.0,0.0,0.0,3262520106.0,3262520106.0,652504021.0,0.0,0.0,,0.0,0.0,0.0
2024-10-22,50.0,0.0,0.0,50.0,50.0,50.0,0.0,20000.0,1000000.0,161.0,50.0,50.0,6324900.0,0.0,0.0,3262520106.0,3262520106.0,652504021.0,0.0,0.0,,43741800.0,2187090000.0,1.0
2024-10-23,50.0,0.0,0.0,50.0,50.0,50.0,0.0,24100.0,1205000.0,122.0,50.0,50.0,6768800.0,0.0,0.0,3262520106.0,3262520106.0,652504021.0,0.0,0.0,,0.0,0.0,0.0
2024-10-24,50.0,0.0,0.0,50.0,50.0,50.0,0.0,361500.0,18075000.0,121.0,50.0,50.0,7551900.0,0.0,0.0,3262520106.0,3262520106.0,652504021.0,0.0,0.0,,0.0,0.0,0.0
2024-10-25,50.0,0.0,0.0,50.0,50.0,50.0,0.0,181800.0,9090000.0,88.0,50.0,50.0,6058200.0,0.0,0.0,3262520106.0,3262520106.0,652504021.0,0.0,0.0,,0.0,0.0,0.0
2024-10-28,50.0,0.0,0.0,50.0,50.0,50.0,0.0,23100.0,1155000.0,96.0,50.0,50.0,6306700.0,0.0,0.0,3262520106.0,3262520106.0,652504021.0,0.0,0.0,,0.0,0.0,0.0
2024-10-29,50.0,0.0,0.0,50.0,50.0,50.0,0.0,224600.0,11230000.0,174.0,50.0,50.0,4971200.0,0.0,0.0,3262520106.0,3262520106.0,652504021.0,0.0,0.0,,0.0,0.0,0.0
2024-10-30,50.0,0.0,0.0,50.0,50.0,50.0,0.0,24500.0,1225000.0,137.0,50.0,50.0,4811900.0,0.0,0.0,3262520106.0,3262520106.0,652504021.0,0.0,0.0,,0.0,0.0,0.0
2024-10-31,50.0,0.0,0.0,50.0,50.0,50.0,0.0,14800.0,740000.0,106.0,50.0,50.0,5075600.0,0.0,0.0,3262520106.0,3262520106.0,652504021.0,0.0,0.0,,0.0,0.0,0.0
2024-11-01,50.0,0.0,0.0,50.0,50.0,50.0,0.0,40600.0,2030000.0,126.0,50.0,50.0,5857900.0,0.0,0.0,3262520106.0,3262520106.0,652504021.0,0.0,0.0,,0.0,0.0,0.0
2024-11-04,50.0,0.0,0.0,50.0,50.0,50.0,0.0,21600.0,1080000.0,148.0,50.0,50.0,5594500.0,0.0,0.0,3262520106.0,3262520106.0,652504021.0,0.0,0.0,,0.0,0.0,0.0
2024-11-05,50.0,0.0,0.0,50.0,50.0,50.0,0.0,36200.0,1810000.0,133.0,50.0,50.0,5230400.0,0.0,0.0,3262520106.0,3262520106.0,652504021.0,0.0,0.0,,19750000.0,987500000.0,1.0
2024-11-06,50.0,0.0,0.0,50.0,50.0,50.0,0.0,27100.0,1355000.0,166.0,50.0,50.0,4854900.0,0.0,0.0,3262520106.0,3262520106.0,652504021.0,0.0,0.0,,0.0,0.0,0.0
2024-11-07,50.0,0.0,0.0,50.0,50.0,50.0,0.0,186900.0,9345000.0,157.0,50.0,50.0,4283800.0,0.0,0.0,3262520106.0,3262520106.0,652504021.0,0.0,0.0,,0.0,0.0,0.0
2024-11-08,50.0,0.0,0.0,50.0,50.0,50.0,0.0,21500.0,1075000.0,143.0,50.0,50.0,4533900.0,0.0,0.0,3262520106.0,3262520106.0,652504021.0,0.0,0.0,,0.0,0.0,0.0
2024-11-11,50.0,0.0,0.0,50.0,50.0,50.0,0.0,25900.0,1295000.0,198.0,50.0,50.0,6047400.0,0.0,0.0,3262520106.0,3262520106.0,652504021.0,0.0,0.0,,0.0,0.0,0.0
2024-11-12,50.0,0.0,0.0,50.0,50.0,50.0,0.0,23900.0,1195000.0,220.0,50.0,50.0,5084300.0,0.0,0.0,3262520106.0,3262520106.0,652504021.0,0.0,0.0,,1100.0,11000.0,1.0
2024-11-13,50.0,0.0,0.0,50.0,50.0,50.0,0.0,35900.0,1795000.0,197.0,50.0,50.0,4790400.0,0.0,0.0,3262520106.0,3262520106.0,652504021.0,0.0,0.0,,0.0,0.0,0.0
2024-11-14,50.0,0.0,0.0,50.0,50.0,50.0,0.0,17900.0,895000.0,132.0,50.0,50.0,4972900.0,0.0,0.0,3262520106.0,3262520106.0,652504021.0,0.0,0.0,,0.0,0.0,0.0
2024-11-15,50.0,0.0,0.0,50.0,50.0,50.0,0.0,16600.0,830000.0,131.0,50.0,50.0,6392300.0,0.0,0.0,3262520106.0,3262520106.0,652504021.0,0.0,0.0,,0.0,0.0,0.0
2024-11-18,50.0,0.0,0.0,50.0,50.0,50.0,0.0,56300.0,2815000.0,142.0,50.0,50.0,5716000.0,0.0,0.0,3262520106.0,3262520106.0,652504021.0,0.0,0.0,,0.0,0.0,0.0
2024-11-19,50.0,0.0,0.0,50.0,50.0,50.0,0.0,107000.0,5350000.0,38.0,50.0,50.0,6855500.0,0.0,0.0,3262520106.0,3262520106.0,652504021.0,0.0,0.0,,0.0,0.0,0.0
2024-11-20,50.0,0.0,0.0,50.0,50.0,50.0,0.0,64200.0,3210000.0,23.0,50.0,50.0,4550000.0,0.0,0.0,3262520106.0,3262520106.0,652504021.0,0.0,0.0,,0.0,0.0,0.0
2024-11-21,50.0,0.0,0.0,50.0,50.0,50.0,0.0,331400.0,16570000.0,19.0,50.0,50.0,5356000.0,0.0,0.0,3262520106.0,3262520106.0,652504021.0,0.0,0.0,,0.0,0.0,0.0
2024-11-22,50.0,0.0,0.0,50.0,50.0,50.0,0.0,63900.0,3195000.0,403.0,50.0,50.0,6037700.0,0.0,0.0,3262520106.0,3262520106.0,652504021.0,0.0,0.0,,12000000.0,600000000.0,1.0
2024-11-25,50.0,0.0,0.0,50.0,50.0,50.0,0.0,61100.0,3055000.0,293.0,50.0,50.0,5263900.0,0.0,0.0,3262520106.0,3262520106.0,652504021.0,0.0,0.0,,0.0,0.0,0.0
2024-11-26,50.0,0.0,0.0,50.0,50.0,50.0,0.0,10700.0,535000.0,43.0,50.0,50.0,5720600.0,0.0,0.0,3262520106.0,3262520106.0,652504021.0,0.0,0.0,,0.0,0.0,0.0
2024-11-28,50.0,0.0,0.0,50.0,50.0,50.0,0.0,2700.0,135000.0,9.0,50.0,50.0,5903100.0,0.0,0.0,3262520106.0,3262520106.0,652504021.0,0.0,0.0,,0.0,0.0,0.0
2024-11-29,50.0,0.0,0.0,50.0,50.0,50.0,0.0,38600.0,1930000.0,13.0,50.0,50.0,6230600.0,0.0,0.0,3262520106.0,3262520106.0,652504021.0,0.0,0.0,,0.0,0.0,0.0
2024-12-02,50.0,0.0,0.0,50.0,50.0,50.0,0.0,34100.0,1705000.0,233.0,50.0,50.0,6684000.0,0.0,0.0,3262520106.0,3262520106.0,652504021.0,0.0,0.0,,0.0,0.0,0.0
2024-12-03,50.0,0.0,0.0,50.0,50.0,50.0,0.0,17500.0,875000.0,152.0,50.0,50.0,6102600.0,0.0,0.0,3262520106.0,3262520106.0,652504021.0,0.0,0.0,,0.0,0.0,0.0
2024-12-04,50.0,0.0,0.0,50.0,50.0,50.0,0.0,19000.0,950000.0,171.0,50.0,50.0,5665600.0,0.0,0.0,3262520106.0,3262520106.0,652504021.0,0.0,0.0,,0.0,0.0,0.0
2024-12-05,50.0,0.0,0.0,50.0,50.0,50.0,0.0,15800.0,790000.0,135.0,50.0,50.0,6016300.0,0.0,0.0,3262520106.0,3262520106.0,652504021.0,0.0,0.0,,0.0,0.0,0.0
2024-12-06,50.0,0.0,0.0,50.0,50.0,50.0,0.0,29700.0,1485000.0,149.0,50.0,50.0,5990300.0,0.0,0.0,3262520106.0,3262520106.0,652504021.0,0.0,0.0,,0.0,0.0,0.0
2024-12-09,50.0,50.0,50.0,50.0,50.0,50.0,0.0,137000.0,6850000.0,121.0,50.0,50.0,7341500.0,0.0,0.0,3262520106.0,3262520106.0,652504021.0,0.0,0.0,,0.0,0.0,0.0
2024-12-10,50.0,50.0,50.0,50.0,50.0,50.0,0.0,239900.0,11995000.0,107.0,50.0,50.0,9102500.0,0.0,0.0,3262520106.0,3262520106.0,652504021.0,0.0,0.0,,0.0,0.0,0.0
2024-12-11,50.0,50.0,50.0,50.0,50.0,50.0,0.0,125100.0,6255000.0,124.0,50.0,50.0,5999400.0,0.0,0.0,3262520106.0,3262520106.0,652504021.0,0.0,0.0,,0.0,0.0,0.0
2024-12-12,50.0,50.0,50.0,50.0,50.0,50.0,0.0,108900.0,5445000.0,36.0,50.0,50.0,6173700.0,0.0,0.0,3262520106.0,3262520106.0,652504021.0,0.0,0.0,,0.0,0.0,0.0
2024-12-13,50.0,50.0,50.0,50.0,50.0,50.0,0.0,114000.0,5700000.0,14.0,50.0,50.0,6368400.0,0.0,0.0,3262520106.0,3262520106.0,652504021.0,0.0,0.0,,0.0,0.0,0.0
2024-12-16,50.0,50.0,50.0,50.0,50.0,50.0,0.0,112000.0,5600000.0,25.0,50.0,50.0,5728200.0,0.0,0.0,3262520106.0,3262520106.0,652504021.0,0.0,0.0,,0.0,0.0,0.0
2024-12-17,50.0,50.0,50.0,50.0,50.0,50.0,0.0,161300.0,8065000.0,42.0,50.0,50.0,6236200.0,0.0,0.0,3262520106.0,3262520106.0,652504021.0,0.0,0.0,,0.0,0.0,0.0
2024-12-18,50.0,50.0,50.0,50.0,50.0,50.0,0.0,105800.0,5290000.0,47.0,50.0,50.0,4811100.0,0.0,0.0,3262520106.0,3262520106.0,652504021.0,20000.0,0.0,,0.0,0.0,0.0
2024-12-19,50.0,50.0,50.0,50.0,50.0,50.0,0.0,113300.0,5665000.0,49.0,50.0,50.0,5303700.0,0.0,0.0,3262520106.0,3262520106.0,652504021.0,0.0,0.0,,27500000.0,1375000000.0,1.0
2024-12-20,50.0,50.0,50.0,50.0,50.0,50.0,0.0,102400.0,5120000.0,25.0,50.0,50.0,4809400.0,0.0,0.0,3262520106.0,3262520106.0,652504021.0,0.0,0.0,,0.0,0.0,0.0
2024-12-23,50.0,50.0,50.0,50.0,50.0,50.0,0.0,124200.0,6210000.0,38.0,50.0,50.0,5678600.0,0.0,0.0,3262520106.0,3262520106.0,652504021.0,0.0,0.0,,0.0,0.0,0.0
2024-12-24,50.0,50.0,50.0,50.0,50.0,50.0,0.0,141900.0,7095000.0,32.0,50.0,50.0,5062600.0,0.0,0.0,3262520106.0,3262520106.0,652504021.0,0.0,0.0,,52008200.0,2600410000.0,2.0
2024-12-27,50.0,50.0,50.0,50.0,50.0,50.0,0.0,190500.0,9525000.0,136.0,50.0,50.0,4264800.0,0.0,0.0,3262520106.0,3262520106.0,652504021.0,0.0,0.0,,0.0,0.0,0.0
2024-12-30,50.0,50.0,50.0,50.0,50.0,50.0,0.0,131300.0,6565000.0,102.0,50.0,50.0,3945800.0,0.0,0.0,3262520106.0,3262520106.0,652504021.0,0.0,0.0,,0.0,0.0,0.0
2025-01-02,50.0,50.0,50.0,50.0,50.0,50.0,0.0,354700.0,17735000.0,104.0,50.0,50.0,4001400.0,0.0,0.0,3262520106.0,3262520106.0,652504021.0,0.0,0.0,,0.0,0.0,0.0
2025-01-03,50.0,50.0,50.0,50.0,50.0,50.0,0.0,231500.0,11575000.0,45.0,50.0,50.0,4139000.0,0.0,0.0,3262520106.0,3262520106.0,652504021.0,200000.0,0.0,,0.0,0.0,0.0
2025-01-06,50.0,50.0,50.0,50.0,50.0,50.0,0.0,105700.0,5285000.0,25.0,50.0,50.0,5559500.0,0.0,0.0,3262520106.0,3262520106.0,652504021.0,0.0,0.0,,0.0,0.0,0.0
2025-01-07,50.0,0.0,0.0,50.0,50.0,50.0,0.0,108900.0,5445000.0,17.0,50.0,50.0,5455900.0,0.0,0.0,3262520106.0,3262520106.0,652504021.0,0.0,0.0,,0.0,0.0,0.0
2025-01-08,50.0,50.0,50.0,50.0,50.0,50.0,0.0,126000.0,6300000.0,41.0,50.0,50.0,4363900.0,0.0,0.0,3262520106.0,3262520106.0,652504021.0,0.0,0.0,,0.0,0.0,0.0
2025-01-09,50.0,50.0,50.0,50.0,50.0,50.0,0.0,106300.0,5315000.0,15.0,50.0,50.0,4812200.0,0.0,0.0,3262520106.0,3262520106.0,652504021.0,0.0,0.0,,0.0,0.0,0.0
2025-01-10,50.0,50.0,50.0,50.0,50.0,50.0,0.0,107700.0,5385000.0,12.0,50.0,50.0,3787700.0,0.0,0.0,3262520106.0,3262520106.0,652504021.0,0.0,0.0,,0.0,0.0,0.0
2025-01-13,50.0,50.0,50.0,50.0,50.0,50.0,0.0,101800.0,5090000.0,14.0,50.0,50.0,4547800.0,0.0,0.0,3262520106.0,3262520106.0,652504021.0,0.0,0.0,,0.0,0.0,0.0
2025-01-14,50.0,50.0,50.0,50.0,50.0,50.0,0.0,124000.0,6200000.0,45.0,50.0,50.0,3870900.0,0.0,0.0,3262520106.0,3262520106.0,652504021.0,0.0,0.0,,0.0,0.0,0.0
2025-01-15,50.0,0.0,0.0,50.0,50.0,50.0,0.0,104700.0,5235000.0,21.0,50.0,50.0,4789400.0,0.0,0.0,3262520106.0,3262520106.0,652504021.0,0.0,0.0,,0.0,0.0,0.0
2025-01-16,50.0,50.0,50.0,50.0,50.0,50.0,0.0,104900.0,5245000.0,53.0,50.0,50.0,4566500.0,0.0,0.0,3262520106.0,3262520106.0,652504021.0,39800.0,0.0,,0.0,0.0,0.0
2025-01-17,50.0,50.0,50.0,50.0,50.0,50.0,0.0,219700.0,10985000.0,53.0,50.0,50.0,5655200.0,0.0,0.0,3262520106.0,3262520106.0,652504021.0,0.0,0.0,,0.0,0.0,0.0
2025-01-20,50.0,50.0,50.0,50.0,50.0,50.0,0.0,430300.0,21515000.0,107.0,50.0,50.0,4568600.0,0.0,0.0,3262520106.0,3262520106.0,652504021.0,100000.0,0.0,,0.0,0.0,0.0
2025-01-21,50.0,50.0,50.0,50.0,50.0,50.0,0.0,134400.0,6720000.0,65.0,50.0,50.0,4133200.0,0.0,0.0,3262520106.0,3262520106.0,652504021.0,30000.0,0.0,,0.0,0.0,0.0
2025-01-22,50.0,50.0,50.0,50.0,50.0,50.0,0.0,127300.0,6365000.0,69.0,50.0,50.0,3709800.0,0.0,0.0,3262520106.0,3262520106.0,652504021.0,50000.0,0.0,,0.0,0.0,0.0
2025-01-23,50.0,0.0,0.0,50.0,50.0,50.0,0.0,238900.0,11945000.0,141.0,50.0,50.0,3582800.0,0.0,0.0,3262520106.0,3262520106.0,652504021.0,50000.0,0.0,,0.0,0.0,0.0
2025-01-24,50.0,50.0,50.0,50.0,50.0,50.0,0.0,217800.0,10890000.0,90.0,50.0,50.0,4432600.0,0.0,0.0,3262520106.0,3262520106.0,652504021.0,50000.0,0.0,,0.0,0.0,0.0
2025-01-30,50.0,50.0,50.0,50.0,50.0,50.0,0.0,252100.0,12605000.0,172.0,50.0,50.0,4444500.0,0.0,0.0,3262520106.0,3262520106.0,652504021.0,0.0,0.0,,0.0,0.0,0.0
2025-01-31,50.0,0.0,0.0,50.0,50.0,50.0,0.0,239700.0,11985000.0,148.0,50.0,50.0,3090500.0,0.0,0.0,3262520106.0,3262520106.0,652504021.0,20000.0,0.0,,0.0,0.0,0.0
2025-02-03,50.0,50.0,50.0,50.0,50.0,50.0,0.0,221000.0,11050000.0,57.0,50.0,50.0,4388700.0,0.0,0.0,3262520106.0,3262520106.0,652504021.0,170000.0,0.0,,0.0,0.0,0.0
2025-02-04,50.0,50.0,50.0,50.0,50.0,50.0,0.0,209800.0,10490000.0,55.0,50.0,50.0,4705100.0,0.0,0.0,3262520106.0,3262520106.0,652504021.0,20000.0,0.0,,0.0,0.0,0.0
2025-02-05,50.0,0.0,0.0,50.0,50.0,50.0,0.0,205400.0,10270000.0,47.0,50.0,50.0,4312400.0,0.0,0.0,3262520106.0,3262520106.0,652504021.0,20000.0,0.0,,0.0,0.0,0.0
2025-02-06,50.0,50.0,50.0,50.0,50.0,50.0,0.0,228900.0,11445000.0,64.0,50.0,50.0,4600700.0,0.0,0.0,3262520106.0,3262520106.0,652504021.0,0.0,0.0,,0.0,0.0,0.0
2025-02-07,50.0,50.0,50.0,50.0,50.0,50.0,0.0,205600.0,10280000.0,48.0,50.0,50.0,4348400.0,0.0,0.0,3262520106.0,3262520106.0,652504021.0,0.0,0.0,,0.0,0.0,0.0
2025-02-10,50.0,50.0,50.0,50.0,50.0,50.0,0.0,447900.0,22395000.0,149.0,50.0,50.0,4074600.0,0.0,0.0,3262520106.0,3262520106.0,652504021.0,272900.0,0.0,,1.0,1.0,1.0
2025-02-11,50.0,50.0,50.0,50.0,50.0,50.0,0.0,203600.0,10180000.0,46.0,50.0,50.0,3413400.0,0.0,0.0,3262520106.0,3262520106.0,652504021.0,203100.0,0.0,,0.0,0.0,0.0
2025-02-12,50.0,50.0,50.0,50.0,50.0,50.0,0.0,220500.0,11025000.0,58.0,50.0,50.0,3181200.0,0.0,0.0,3262520106.0,3262520106.0,652504021.0,64500.0,0.0,,0.0,0.0,0.0
2025-02-13,50.0,50.0,50.0,50.0,50.0,50.0,0.0,203500.0,10175000.0,43.0,50.0,50.0,4057600.0,0.0,0.0,3262520106.0,3262520106.0,652504021.0,202600.0,0.0,,0.0,0.0,0.0
2025-02-14,50.0,50.0,50.0,50.0,50.0,50.0,0.0,32800.0,1640000.0,36.0,50.0,50.0,2917000.0,0.0,0.0,3262520106.0,3262520106.0,652504021.0,0.0,0.0,,0.0,0.0,0.0
2025-02-17,50.0,0.0,0.0,50.0,50.0,50.0,0.0,18000.0,900000.0,31.0,50.0,50.0,4286800.0,0.0,0.0,3262520106.0,3262520106.0,652504021.0,0.0,0.0,,0.0,0.0,0.0
2025-02-18,50.0,0.0,0.0,50.0,50.0,50.0,0.0,6000.0,300000.0,19.0,50.0,50.0,4518000.0,0.0,0.0,3262520106.0,3262520106.0,652504021.0,0.0,0.0,,0.0,0.0,0.0
2025-02-19,50.0,50.0,50.0,50.0,50.0,50.0,0.0,86100.0,4305000.0,33.0,50.0,50.0,3852500.0,0.0,0.0,3262520106.0,3262520106.0,652504021.0,20000.0,0.0,,0.0,0.0,0.0
2025-02-20,50.0,50.0,50.0,50.0,50.0,50.0,0.0,15400.0,770000.0,51.0,50.0,50.0,4030800.0,0.0,0.0,3262520106.0,3262520106.0,652504021.0,0.0,0.0,,0.0,0.0,0.0
2025-02-21,50.0,50.0,50.0,50.0,50.0,50.0,0.0,15800.0,790000.0,25.0,50.0,50.0,4178500.0,0.0,0.0,3262520106.0,3262520106.0,652504021.0,3600.0,0.0,,0.0,0.0,0.0
